old_pecha_text_id,old_mongo_id,old_title,old_language,old_group_id,new_text_id,new_edition_id,new_stem,new_title,match_method,match_confidence,content_ratio,content_divergent,old_n_segments,old_catalog_rank,old_sibling_ids
6967rqZRNu0DhPfm0fzU4,bd462c21-7d4d-41cd-a305-3d4a50b24999,༄༅། །ཁྱུང་པོའི་སྨོན་ལམ།,bo,f37ed316-331d-423f-a9f7-419cf5516fd7,kFAiHmr7Bh3EXEFfmabz4,0c1XHW3suAPaH4KSpmq0E,ཁྱུང་པོའི་སྨོན་ལམ།,ཁྱུང་པོའི་སྨོན་ལམ,content-near-identical,0.9922,0.9922,False,42,95,
WYL8Tp1tdKituPfl77OkR,caf65ea2-8bbc-49e5-badf-260383319020,༄༅། །གཏོར་མ་ཆ་གསུམ་བཞུགས་སོ། །,bo,d02c753a-a132-4e08-91cd-1450228c4211,IhgltFJ2N4Uy4fl4625tD,jHLSXvhxCCmXt69JeMyRf,གཏོར་མ་ཆ་གསུམ་བཞུགས་སོ།,གཏོར་མ་ཆ་གསུམ་བཞུགས་སོ,content-near-identical,0.9957,0.9957,False,81,33,
ViwvQDo7kzPw0cITBrosU,a5eea34a-7e66-44e2-b7b0-3e5b8d8ed87c,གསོལ་འདེབས་བར་ཆད་ལམ་སེལ།-,bo,53ddda11-c36e-476f-b343-d3ee96d1d923,RFrWYbzc6astpajQj2lcp,yMfZgziZceyB18W6it1Qh,གསོལ་འདེབས་བར་ཆད་ལམ་སེལ།,གསོལ་འདེབས་བར་ཆད་ལམ་སེལ།,content-near-identical,0.9995,0.9995,False,13,35,ZvmUQNf34c90p8OSH1SM0 cOcXK1TzM0CG685K0i9qu D8EWi5xw157ich0gyCmUt
Pn5rJ2U0IuIYwkHwLkoxc,b62b4ef0-46be-48b1-8e90-63ff9686f317,གསོལ་འདེབས་བསམ་པ་མྱུར་འགྲུབ་མ།,bo,1672c27c-99c0-44ec-bb7f-6e1768c06bf4,OCZXgqlF9sQCHmY2LZhYa,3Oub45BTdTJaLUyBCZcNS,གསོལ་འདེབས་བསམ་པ་མྱུར་འགྲུབ་མ།,གསོལ་འདེབས་བསམ་པ་མྱུར་འགྲུབ་མ།,content-near-identical,0.9893,0.9893,False,6,52,U7bynGIiuiBfTW1yaoG2C TovEfN0ciSMZkiK4pt6M4 97vE4hwqQCZCKvxOamq59
LPhcccnesN5dZp9Ap8dwe,814e1e3a-f535-4ac7-ac4d-997bd3274633,གསོལ་འདེབས་ལེའུ་བདུན་མ།,bo,6d36cc89-a5c6-4637-9683-d0aa55812471,fKlCfal3gQNiPwEQ3qmgW,ekv4YsfghJab1lrxoHEy0,གསོལ་འདེབས་ལེའུ་བདུན་མ།,གསོལ་འདེབས་ལེའུ་བདུན་མ།,content-near-identical,0.9987,0.9987,False,123,45,hcp6WuKk8FWt50NFEdSdo M5d4iBe2wFtU2caXz1KMg
uGtZYRatLQGtg56qxcGOB,a088fa93-de08-434f-8f78-bb5f06fbfc31,༄༅། །མཁས་གྲུབ་རཱ་ག་ཨ་སྱས་མཛད་པའི་རྣམ་དག་བདེ་ཆེན་ཞིང་གི་སྨོན་ལམ་བཞུགས་སོ།།,bo,5699bb42-5be7-41dd-9d79-0b6c94e619fb,sL6b2RAdLRFJ0HuP5HqZc,sW7mkFguTtULQxTHYlruD,ཆགས་མེད་བདེ་སྨོན།,རྣམ་དག་བདེ་ཆེན་ཞིང་གི་སྨོན་ལམ་རཱ་ག་ཨ་སྲས་མཛད་པ་བཞུགས་སོ།།,content-near-identical,0.9785,0.9785,False,383,,
4fNuZUtm9mPEuasfEzj7a,9ac09136-ea50-4ce4-85e4-040ecb558eb7,ཆོ་འཕྲུལ་གྱི་བསྟོད་པ་ནི།།,bo,35870ab8-5b98-4b79-912a-3ca529146bc8,mz0cRgPEfKW0CyD2P014J,DGxWOpofXAotErLZvTfDv,ཆོ་འཕྲུལ་གྱི་བསྟོད་པ།,ཆོ་འཕྲུལ་གྱི་བསྟོད་པ།,content-near-identical,0.9959,0.9959,False,78,,
cEKm5I5zaokEcpBgA5kcx,feb5540b-713d-4715-ab7c-ac5ee09b4e24,༄༅། །ཇ་མཆོད་གཙུག་གི་ནོར་བུ་བཞུགས་སོ།།,bo,ab8d5b35-441a-4351-a0c0-17afa8ec2e4f,man8rYtwD1MZHsrXom8jK,DhUFSsdCD1QpSFiBYw9nv,ཇ་མཆོད་གཙུག་གི་ནོར་བུ་བཞུགས་སོ། །,ཇ་མཆོད་གཙུག་གི་ནོར་བུ་བཞུགས་སོ། །,content-near-identical,0.9914,0.9914,False,48,,
dxLt0ZiyKrbsepcotg5QR,ffea33fe-8e10-4346-8cfd-da17f439966a,ཇ་མཆོད་བདེ་ཆེན་ཀུན་བཟང་མ་བཞུགས་སོ།,bo,13eb6c7b-8df7-4c8c-9379-aed9b9b53d1d,vYhrtHA7mVE4oRhFNphPu,yqU91NSKMdzDEyMtJb9Kj,ཇ་མཆོད་བདེ་ཆེན་ཀུན་བཟང་མ་བཞུགས་སོ།,ཇ་མཆོད་བདེ་ཆེན་ཀུན་བཟང་མ་བཞུགས་སོ།,content-near-identical,0.9853,0.9853,False,28,,
x0TZAwgjdHRhjeY52Atzw,80a60fc8-4fa1-4abb-9391-61f8ae90bc06,དེ་ནས་ཏཱ་ཡི་སི་ཏུ་རིམ་པར་བྱོན་པ་རྣམས་ཀྱི་གསོལ་འདེབས་ནི།,bo,5510880c-b45a-4722-aff4-46520af544e5,ewoK5ZmjGVoNHm6bt9nIq,hAKJqlvPvvi097gGJl05W,ཏཱ་ཡི་སི་ཏུ་རིམ་པར་བྱོན་པ་རྣམས་ཀྱི་གསོལ་འདེབས།,ཏཱ་ཡི་སི་ཏུ་རིམ་པར་བྱོན་པ་རྣམས་ཀྱི་གསོལ་འདེབས།,content-near-identical,0.997,0.997,False,42,,
YtFUtFRg0rVu7dIAxO0kv,b2a5a20d-ec99-4273-890e-8295015f4387,༈ ཐབས་མཁས་ཐུགས་རྗེ་མ་བཞུགས་སོ།།,bo,a8c56990-b276-4a91-96a6-a807ac4e9580,nhXxS7zxf9rzbmIKyK1L2,RU2DH2HFFdyWufgnplS1e,ཐབས་མཁས་ཐུགས་རྗེ་མ་བཞུགས་སོ།,ཐབས་མཁས་ཐུགས་རྗེ་མ་བཞུགས་སོ།,content-near-identical,0.994,0.994,False,72,86,
HgSnHGURcUI7IvXBK9cX1,9ee29fe8-5517-4336-b897-a1c81c4985db,ཐུགས་རྗེ་ཆེན་པོའི་བསྒོམ་བཟླས་འགྲོ་དོན་མཁའ་ཁྱབ་མ།,bo,2ee3b98f-f02f-448c-ba97-a7f0e6fcdd70,Yl5RHmW9kCpdLEDk03uWD,5mWvYW9GSFAJm1tzj2dFd,ཐུགས་རྗེ་ཆེན་པོའི་བསྒོམ་བཟླས་འགྲོ་དོན་མཁའ་ཁྱབ་མ་བཞུགས་སོ། །,ཐུགས་རྗེ་ཆེན་པོའི་བསྒོམ་བཟླས་འགྲོ་དོན་མཁའ་ཁྱབ་མ་བཞུགས་སོ། །,content-near-identical,0.9983,0.9983,False,34,44,fTdEGISy5kjmymXQzNaIm BdwRSXY4bytQBqYP4u0yf
ydN2Gg000dXuGTCtn4XGj,076d4986-9de3-4ca9-911b-311c226bf4ed,ཐུབ་པའི་བསྟོད་པ་གང་ཚེ་རྐང་གཉིས་མ།,bo,5338c915-348f-4e55-b572-e8eb1b8a0491,iY2qfLWwXnAm3VInJeVNj,Sj01DlRKsLt6xxDGmS1c9,ཐུབ་པའི་བསྟོད་པ་གང་ཚེ་རྐང་གཉིས་མ།,ཐུབ་པའི་བསྟོད་པ་གང་ཚེ་རྐང་གཉིས་མ།,content-near-identical,0.9993,0.9993,False,9,12,roBwsMW7vqNYY5jabtgxa QSgW3Im0AzweIj37PGTlX
YBjCmS5OQ508KyiqDJEJV,f8179184-ab79-4f3c-b7aa-23c5f5a8723e,ཐུབ་རྣམས་སྤངས་རྟོགས་མ།,bo,531306d3-e516-4208-928d-9e75c34bc691,SXt5dA2lylzKvysOTHiMR,UK8gUdNDFPn21Idvkk0f2,ཐུབ་པའི་བསྟོད་པ་ཐུབ་རྣམས་སྤངས་རྟོགས།,ཐུབ་པའི་བསྟོད་པ་ཐུབ་རྣམས་སྤངས་རྟོགས།,content-near-identical,0.9941,0.9941,False,69,83,
AK0ShNLEwZD6dqqGLVdmo,3482b084-ae24-468f-a512-4a6f0148f95a,ཐུབ་པའི་བསྟོད་པ་ཐབས་མཁས་ཐུགས་རྗེ་མ།,bo,d6bf0052-0261-466d-bfaa-0ff134e980b0,kIENaFHbq4vF6Q5inHMDq,fUYHHM6trQkY7J74YidiU,ཐུབ་པའི་མཛད་པ་བཅུ་གཉིས་ལ་བསྟོད་པ་ཞེས་བྱ་བ།,ཐུབ་པའི་མཛད་པ་བཅུ་གཉིས་ལ་བསྟོད་པ་ཞེས་བྱ་བ།,content-near-identical,0.9938,0.9938,False,17,13,8kI3mfDhl5DXUww608zp2 o8dGmHQQKjkpBmociBMyx
2sjdijJh4ftQNcL5Dp9LY,a0b2840b-12e6-4343-9c1e-867d0dd18503,ཐུབ་བསྟན་རིས་མེད་རྒྱས་པའི་སྨོན་ལམ།,bo,733aec80-616e-4088-bcfd-381578aa2c30,TtpBWMEiGd8e0XNserPGI,jMZ74sGpazU4CDbLhGoOQ,ཐུབ་བསྟན་རིས་མེད་རྒྱས་པའི་སྨོན་ལམ།,ཐུབ་བསྟན་རིས་མེད་རྒྱས་པའི་སྨོན་ལམ།,content-identical,1.0,1.0,False,24,30,HhORcwk303zdEqCiWV3Oy H4mETdCEadiaXlOAUW3v1
NiBpqd7dOQwId84nLHasw,d490e163-d8fc-4324-a74f-69fde9e4f251,༄༅། །ཐོག་མཐའ་མ་བཞུགས་སོ། །,bo,88895681-a3c2-4c08-80de-5c0afef1ebab,0onG3Aezvmsx9xlbKGfdZ,dt3OzTIe4ILAul9IEuvqW,ཐོག་མཐའ་མ་བཞུགས་སོ།,ཐོག་མཐའ་མ་བཞུགས་སོ།,content-near-identical,0.9968,0.9968,False,122,76,
WIoAgrZHjm7eRds07lm5J,7cf87d41-a74e-4add-8bed-0109f0523d10,དགེ་སློང་མ་དཔལ་མོས་མཛད་པའི་འཕགས་པ་སྤྱན་རས་གཟིགས་དབང་ཕྱུག་གི་བསྟོད་པ།,bo,3e274100-03ae-4a3b-b696-6027275d2a66,2wxqIwT27sFU6Sb5wKpZj,VfsjlMbI79VL5bTOtaNzV,དགེ་སློང་མ་དཔལ་མོས་མཛད་པའི་འཕགས་པ་སྤྱན་རས་གཟིགས་དབང་ཕྱུག་གི་བསྟོད་པ།,དགེ་སློང་མ་དཔལ་མོས་མཛད་པའི་འཕགས་པ་སྤྱན་རས་གཟིགས་དབང་ཕྱུག་གི་བསྟོད་པ།,content-identical,1.0,1.0,False,13,19,H00pt08xwIuerPT67KGwr qBZzBNaMBhEH6ihJxDTmu
P7PlhbekXMi4eXtFRKaBc,cea0bed1-20f8-47ef-9160-0a7e188a344a,༈ དགོངས་གཅིག་ལྷན་ཐབས་བཞུགས་སོ།།,bo,ecec1050-52df-4b1e-ada2-c0e7924c4f4d,Z1l486nzDXMxAjz4G5uQ9,o3duCXQPI3ZmzAUVMsoUZ,དགོངས་གཅིག་ལྷན་ཐབས་བཞུགས་སོ།,དགོངས་གཅིག་ལྷན་ཐབས་བཞུགས་སོ།,content-near-identical,0.9935,0.9935,False,67,91,
p0XH49oyjxatHRzKqhzzv,529fb554-fc6e-4aa7-a3b5-6887b1891610,༄༅། དགོངས་གཏེར་སྒྲོལ་མའི་ཟབ་ཏིག་ལས། མཎྜལ་ཆོ་ག་ཚོགས་གཉིས་སྙིང་པོ་ཞེས་བྱ་བ་བཞུགས་སོ། །,bo,c8cf0c5b-ff79-44e8-a4c7-03db0b34324a,6f0mSpOJSMIp3uDrlwOuq,UjvmCbmxRfEIoSz0k4n0m,དགོངས་གཏེར་སྒྲོལ་མའི་ཟབ་ཏིག་ལས་མཎྜལ་ཆོ་ག་ཚོགས་གཉིས་སྙིང་པོ།,དགོངས་གཏེར་སྒྲོལ་མའི་ཟབ་ཏིག་ལས་མཎྜལ་ཆོ་ག་ཚོགས་གཉིས་སྙིང་པོ།,content-near-identical,0.9915,0.9915,False,126,,
HpJZUy9mvnHNedTHR3E9F,02fd98c7-d25b-423f-b01d-ea221d268371,༄༅། །དཔལ་གསང་བ་འདུས་པའི་བསྒོམ་བཟླས་རྒྱུན་འཁྱེར་བཞུགས་སོ། །,bo,12d2c175-4013-4866-9298-fa396fcfbdf0,9aEhOMQoNH2AbQcyaPfhI,lb3SgF7wQg1V0nDvTmM4Q,དཔལ་གསང་བ་འདུས་པའི་བསྒོམ་བཟླས་རྒྱུན་འཁྱེར་བཞུགས་སོ། །,༄༅། །དཔལ་གསང་བ་འདུས་པའི་བསྒོམ་བཟླས་རྒྱུན་འཁྱེར་བཞུགས་སོ། །,content-near-identical,0.9825,0.9825,False,75,70,
cFfAlzRTihGwumr6ceekE,c0ec0c8d-3949-4e5b-bf3c-88dc41bd9223,དཔལ་ནཱ་ལེནྡྲའི་པཎ་གྲུབ་བཅུ་བདུན་གྱི་གསོལ་འདེབས།,bo,7086afe4-f319-4f5d-b390-9e72d24ac26e,bJQO0cXgxbQf6fWZibjfR,szUUVUMo583ADrswwzNnP,དཔལ་ནཱ་ལེནྡྲའི་པཎ་གྲུབ་བཅུ་བདུན་གྱི་གསོལ་འདེབས།,དཔལ་ནཱ་ལེནྡྲའི་པཎ་གྲུབ་བཅུ་བདུན་གྱི་གསོལ་འདེབས།,content-near-identical,0.9993,0.9993,False,30,27,
mtSRnf7rflUAjTunI7hKL,311567e5-bf41-4b7e-9e11-dd4c2089f2e9,དཔལ་ལྡན་ས་གསུམ་མ།,bo,11646242-1e83-457d-abe8-3a2415794f47,rdnoZAE3O4iTy4ds73dA9,y0tyghuqxtziSrVMobkNe,དཔལ་ལྡན་ས་གསུམ་མ།,དཔལ་ལྡན་ས་གསུམ་མ།,content-near-identical,0.9978,0.9978,False,40,43,tq039qcQ2uhBP9ePIIGcv oqq9j0NlCEkUX2cdgifli
L5fwADom4gXWBboELmdtn,517ff30a-c6e6-48f8-9204-1adaafc58659,༄༅། །དཔལ་ས་སྐྱ་པའི་བསྟན་པ་དར་ཞིང་རྒྱས་པའི་སྨོན་ལམ་འཇམ་དབྱངས་བླ་མ་དགྱེས་པའི་ཞལ་ལུང་ཞེས་བྱ་བ་བཞུགས་སོ། །,bo,dedc80a6-3647-4b76-a718-4680589e1e51,FV07WWNcANPjOClKeZLha,MiqdeVaELmyZGDoSvM1BR,དཔལ་ས་སྐྱ་པའི་བསྟན་པ་དར་ཞིང་རྒྱས་པའི་སྨོན་ལམ་འཇམ་དབྱངས་བླ་མ་དགྱེས་པའི་ཞལ་ལུང་ཞེས་བྱ་བ་བཞུགས་སོ། །,དཔལ་ས་སྐྱ་པའི་བསྟན་པ་དར་ཞིང་རྒྱས་པའི་སྨོན་ལམ་འཇམ་དབྱངས་བླ་མ་དགྱེས་པའི་ཞལ་ལུང་ཞེས་བྱ་བ་བཞུགས་སོ། །,content-near-identical,0.9892,0.9892,False,110,,
nbGVUj0m2nduTJYlpoSd5,98912ac6-ff5d-4402-beeb-8d1be2af7421,སྣང་སྲིད་དབང་དུ་སྡུད་པའི་གསོལ་འདེབས་བྱིན་རླབས་སྤྲིན་ཆེན།,bo,d9a36417-8b2f-4e90-ad47-91a71fe10287,F6uq5RqCtMAPyqOmoa3cT,bNDUylO5w169ah6pDrScr,དབང་སྡུད་གསོལ་འདེབས།,དབང་སྡུད་གསོལ་འདེབས།,content-near-identical,0.9974,0.9974,False,9,42,KAWBY2hddHMmAiUZyOhno BqM7BWXTgFkxbNuJUNpr3
NWs8Z8qZeqA0qnXl5c5K9,7537f820-8df2-4611-9c5c-c7553c935406,༄༅། །དབྱངས་ཅན་མའི་བསྟོད་པ་བཞུགས་སོ།,bo,98db007b-f677-41f1-a8ab-2110e763e9c6,X0Y6wI7pvA3tPvZXJh79o,kGVsGhXdvGwRw9uaJnPvQ,དབྱངས་ཅན་མའི་བསྟོད་པ་བཞུགས་སོ།,དབྱངས་ཅན་མའི་བསྟོད་པ་བཞུགས་སོ།,content-near-identical,0.974,0.974,False,17,,
kvlJhTvR794xWDDgZrB7J,4791ea70-792f-4278-9b78-d1e5d94c3a4e,དམིགས་བརྩེ་མ།,bo,1948ea53-6c17-40bb-82bd-e26d0cbd96d8,AwYvO8bGBlH7RXNlZ8zeN,XxAjCLLcBt9tk6VIV7gIJ,དམིགས་བརྩེ་མ།,དམིགས་བརྩེ་མ།,content-identical,1.0,1.0,False,6,41,RdYnMCRRoYCEH8Ho5000i CfDCbGT9VWLu959NW0SPT
HN80b5KM2J8u2l02bK3zK,2c18e8cb-6158-411f-ae4b-290ecf869a06,དུས་མཁྱེན་གྱི་རྣམ་ཐར་བསྟོད་པ་ནི།,bo,1187b31a-307d-4b35-8239-78970d893169,F7KBeBVvid7qAkxBENZtn,CN4gsDPwNevEtu03WCmoI,དུས་མཁྱེན་གྱི་རྣམ་ཐར་བསྟོད་པ།,དུས་མཁྱེན་གྱི་རྣམ་ཐར་བསྟོད་པ།,content-near-identical,0.9931,0.9931,False,71,,
ewZavl0PTm9O2jh4PjrjS,adb2df66-52b5-4c11-b60a-53759bfabac5,༄༅། །པདྨ་མཁའ་འགྲོའི་རིགས་བྱེད་རྩལ་གྱི་བསང་མཆོད་པདྨའི་དྲྭ་བ་བཞུགས་སོ།།,bo,e19d304f-e680-4c0e-a9ee-6ef7b4a7c12c,A64nfIOh1Epv7E818lisV,BkFN0wLaf813VpxMdw4wI,པདྨ་མཁའ་འགྲོའི་རིགས་བྱེད་རྩལ་གྱི་བསང་མཆོད་པདྨའི་དྲྭ་བ་བཞུགས་སོ།,པདྨ་མཁའ་འགྲོའི་རིགས་བྱེད་རྩལ་གྱི་བསང་མཆོད་པདྨའི་དྲྭ་བ་བཞུགས་སོ།,content-near-identical,0.985,0.985,False,61,,
9YOUppPAEg5YykcQGVfCC,02673b12-d2d2-4c11-887a-9bd8840c4507,ངས་རྒྱས་ཀྱི་ཞལ་གདམས་དིང་རི་བརྒྱ་རྩ་མ་བཞུགས་སོ།།,bo,8cb84cfb-aff2-4ac0-8c50-b7edb0b3e1b1,qpT3wj7EMv1H5hwpQh4Mi,qVr7nKoygjtKp40OYMFgB,ཕ་དམ་པ་སངས་རྒྱས་ཀྱི་ཞལ་གདམས་དིང་རི་བརྒྱ་རྩ་མ་བཞུགས་སོ།,༄༅། །ཕ་དམ་པ་སངས་རྒྱས་ཀྱི་ཞལ་གདམས་དིང་རི་བརྒྱ་རྩ་མ་བཞུགས་སོ།,content-near-identical,0.9991,0.9991,False,208,24,
1pNLnW07LMswp7BFNPv16,9ce9ecbf-a4cd-4b63-b9b3-5beb184e23e0,ཕྱག་ཆེན་བརྒྱུད་པའི་གསོལ་འདེབས་ནི། །,bo,055161a1-1023-4983-a356-2b05e902dcb6,B1zbnjVEryMSke3oOCGbn,z0cxHK1foSpxDpq8sjwfp,ཕྱག་ཆེན་བརྒྱུད་པའི་གསོལ་འདེབས་ནི།,ཕྱག་ཆེན་བརྒྱུད་པའི་གསོལ་འདེབས་ནི།,content-near-identical,0.9924,0.9924,False,70,,
rRD4H54C57ZS6gBjCdjUn,988b110e-d29f-4516-86e3-885c46dfa465,༄༅། །ཨོ་རྒྱན་པདྨས་མཛད་པའི་བཀའ་བསྡུས་བཞུགས་སོ། །,bo,d1504012-7a63-4c30-a086-28d9e653235f,m8kpgFXb7t5Osl15i0zG3,MmmIPtqPu3eq9j5wr3swv,བཀའ་ཐང་བསྡུས་པ།,བཀའ་ཐང་བསྡུས་པ།,content-near-identical,0.9994,0.9994,False,351,99,
aeACgKx7HOGazuHFgtvbg,11066ed6-121b-4160-8e89-0ac08ea88c13,བདུད་བཟློག་གསང་བའི་མན་ངག,bo,a72773c3-a260-44ad-bd5b-c1008b9e2369,RnPsDsYnEQOwClp1Gwy9f,8Q6eQYe6boULb5wNYBfhB,བདུད་བཟློག་གསང་བའི་མན་ངག,བདུད་བཟློག་གསང་བའི་མན་ངག,content-near-identical,0.984,0.984,False,27,,
ChZGDdvRb6H38IZNc9ctj,7041aea7-ab6e-4dcd-914e-d3ce4f995eed,བདེ་སྨོན་བསྡུས་པ།།,bo,bcf17792-a992-4deb-9423-15e1ec76845c,Ccw1LG5ctLxUUMWUWIioz,x5TggGANKtlldG7SXYhYb,བདེ་སྨོན་བསྡུས་པ།,བདེ་སྨོན་བསྡུས་པ།།,content-near-identical,0.9845,0.9845,False,15,,
gMqdsGX4eMhQsfRYcbckz,e0c49a89-96f1-405d-9cf4-2ffff731af23,བདེན་ཚིག་སྨོན་ལམ།,bo,ea6644c2-56aa-4efd-9f3e-7c86ebb2645d,4TPH0FFP76OyOXxhFpUks,mJkFYFn30t20Et4xVKBqN,བདེན་ཚིག་སྨོན་ལམ།,བདེན་ཚིག་སྨོན་ལམ།,content-near-identical,0.9986,0.9986,False,11,29,fqc8kQcAaBZNtNkLrRe4G
PRvgullCZbffZQWepnqlu,692d93ef-f458-49fe-8db5-2b3e12f84727,བསམ་པ་ལྷུན་གྲུབ་མ།,bo,14eb0dc8-a0ee-4552-b77d-7bda37fae389,TuNVC457TWcD6ZqX9p7d7,nq57Ii1BgzmF8g7UFe1Gd,བསམ་པ་ལྷུན་གྲུབ་མ་བཞུགས་སོ།,བསམ་པ་ལྷུན་གྲུབ་མ་བཞུགས་སོ།,content-near-identical,0.9925,0.9925,False,20,36,kUM6RLBNwcoAvY06ApVoP xVh04M1NZa6DW8f2bnd5U FuAcydnUZPDspqtmBEQQy
XjOn6QfG7HCh1aiGMk2Ym,379efa69-6fa3-42e7-b900-9af3cd27b573,བསྔོ་བ་དང་སྨོན་ལམ་བསྡུས་པ་བཞུགས་སོ།,bo,df745950-7d14-4552-8ea6-424073782237,TE5SXyjsys7RpldmxJ0o7,7KZ7KpAfALQIfOVMlnt6h,བསྔོ་བ་དང་སྨོན་ལམ་བསྡུས་པ་བཞུགས་སོ།,བསྔོ་བ་དང་སྨོན་ལམ་བསྡུས་པ་བཞུགས་སོ།,content-near-identical,0.9886,0.9886,False,45,26,
wN3dc8k5LETjEWsE688ZP,eedc7326-ac62-40ad-8b1f-87a57d039f5a,བསྟན་འབར་མ།,bo,9512b964-3af1-45bc-8e42-4240b96bb4ce,JzdTksx02HFu7AJcrZoca,D1SKehgiivid8Q9LJmqmU,བསྟན་འབར་མ་བཞུགས་སོ།,བསྟན་འབར་མ་བཞུགས་སོ།,content-variant,0.9129,0.9129,True,17,31,FoMS3CmjzcVkbKy0h3kw6
bqtFEbWrCckLSK77ZIhDi,acc0c9c9-85f5-4b36-b7a0-db2bbf7aaa89,༄༅། །བོད་ཡུལ་བདེ་བའི་སྨོན་ལམ། །,bo,9bc26b57-25ab-4cb9-b090-a2594d53f405,QlABWRJ1Buppn13fO4MFP,busmPWQ4sdx77Ey5oBQTa,བོད་ཡུལ་བདེ་བའི་སྨོན་ལམ།,བོད་ཡུལ་བདེ་བའི་སྨོན་ལམ།,content-near-identical,0.9892,0.9892,False,25,,
k9BxO5rYxg9PS7G4sXOtk,fd5cf765-1c04-46a3-b70c-0ee262d7fcd4,༈ བོད་སྐྱོང་ལྷ་སྲུང་གི་འཕྲིན་བསྐུལ།,bo,c0b3a8dd-c0b7-47e6-9598-fd34c22013ff,llBasykPVfq9n30e54BnS,0odejweAH3Us0LYOR5C3h,བོད་སྐྱོང་ལྷ་སྲུང་གི་འཕྲིན་བསྐུལ།,བོད་སྐྱོང་ལྷ་སྲུང་གི་འཕྲིན་བསྐུལ།,content-near-identical,0.9848,0.9848,False,37,96,
wpO6Xh3wekyAOYcwcyN1r,4082b889-67e7-4903-9c44-6edc3386bb1b,བྱང་ཆུབ་སེམས་དཔའི་ལྟུང་བ་བཤགས་པ།,bo,96c4733c-739c-40dc-9cbf-1a7aef07976b,xwxtVIpGmMP8EySCorQLp,exSrreS5O6MSHU0694Ykv,བྱང་ཆུབ་སེམས་དཔའི་ལྟུང་བ་བཤགས་པ།,བྱང་ཆུབ་སེམས་དཔའི་ལྟུང་བ་བཤགས་པ།,content-near-identical,0.9946,0.9946,False,58,10,uTOzszWzTGm4bioGk5t24 jUjEFNZgsx6HUTbGy4Jka NCfuOFtR2Migt2FTrXGJI
NGr5Nni9F8oteBccFj7nF,075efda8-f4bb-44c6-ba2c-630bfc1a97b5,༄༅། །བྱམས་པའི་སྐུ་གཟུགས་མ་བཞུགས་སོ།།,bo,32ecdb38-16c2-482b-b9b8-b392f5c5df56,nJxeYFncHeRwT7KJRThuU,Hv9Y21TgOGrFf36jAXCeG,བྱམས་པའི་སྐུ་གཟུགས་མ་བཞུགས་སོ།།,རྒྱལ་བ་དགེ་འདུན་གྲུབ།,content-near-identical,0.985,0.985,False,28,,
LQfbi1y0hRVam8vDARLx3,8d66b9d0-affe-46d2-8b1b-d7c58205ee39,བྱམས་པའི་སྨོན་ལམ།,bo,23032e60-59b7-4789-bcea-e7cb8395a6c6,SClA1JiIroXSx5MnwSsuz,nI0G0IFn7Dtot3x3JQIkT,བྱམས་པའི་སྨོན་ལམ།,བྱམས་པའི་སྨོན་ལམ།,content-near-identical,0.9933,0.9933,False,28,20,vZjwj4BZImTLYC8ujNlP4 yu3HwIDae8XY64R0Jpw77 RUBIHz20XDZlrmLPLyIN3
zxGpGjdQ6iL3Z63sWJclF,b0b4259a-f044-4c14-9751-3c77ced84bd2,༄༅། །བླ་མ་རྒྱང་འབོད་མོས་གུས་སྙིང་གི་གཟེར་འདེབས་བཞུགས་སོ། །,bo,d7b60ac7-a298-432d-840c-c2bccd573991,EY2k27QEXVvK8teitNQjg,H89B7i9l40fbzBU8aISNZ,བླ་མ་རྒྱང་འབོད་མོས་གུས་སྙིང་གི་གཟེར་འདེབས་བཞུགས་སོ།,བླ་མ་རྒྱང་འབོད་མོས་གུས་སྙིང་གི་གཟེར་འདེབས་བཞུགས་སོ།,content-near-identical,0.9969,0.9969,False,263,62,
5mvZBkPyfIIH1am6psgIn,df466705-f7ed-42d5-b06a-70526f865e6a,བློ་སྦྱོང་ཚིག་བརྒྱད་མ།,bo,826f0596-4803-4f24-9246-2c8834334238,NL1AsKIJ6PBvhiFBEkykb,Y9Fvp302hCVf1ZJXXB5vc,བློ་སྦྱོང་ཚིག་བརྒྱད་མ།,བློ་སྦྱོང་ཚིག་བརྒྱད་མ།,content-near-identical,0.9871,0.9871,False,13,39,FqJkq2XH4ZwU9YBbAXW2J jlXkyZetmZsf8D4pP9vEZ
6zQUCe1fSaecC6YWY10uD,2681e527-3d9d-4fc5-9f13-8aee0b06e76c,མཁས་གྲུབ་རྗེའི་བསྟོད་པ།,bo,bf7010b2-0bcf-45e1-92d8-73b93f60a950,FaRWIJ7RaVOwSIphsDs9W,dj2taElDUmuoxtur1eEnD,མཁས་གྲུབ་རྗེའི་བསྟོད་པ།,མཁས་གྲུབ་རྗེའི་བསྟོད་པ།,content-near-identical,0.9989,0.9989,False,29,,
HrbUZgjREn1ToDZ6COWlG,91924b19-73bf-42ed-9032-460e5a9ebe1a,མགོན་པོ་ཕྱག་དྲུག་པའི་བསྟོད་པ་མྱུར་མཛད་མ།,bo,c9a43f9d-13e2-4839-8378-bc30effb3251,UU6C79yAY1LkJ5L70THwj,jrjEYiCjERhjmh9eG83NZ,མགོན་པོ་ཕྱག་དྲུག་པའི་བསྟོད་པ་མྱུར་མཛད་མ།,མགོན་པོ་ཕྱག་དྲུག་པའི་བསྟོད་པ་མྱུར་མཛད་མ།,content-near-identical,0.9733,0.9733,False,21,,
oBdXbSqejGxFmDmLNkPVq,b0a92917-04d1-4360-a3a4-1ef2edc23093,མཎྜལ།,bo,53d3aa02-f542-4c9b-b80f-90011c438f01,G0UYiG7hH0FPd47jfgGYE,KZ51nhXWaMJw1OqEPQQoo,མཎྜལ།,མཎྜལ།,content-identical,1.0,1.0,False,12,5,PvFfPOXAKGNaZpDLsppjr
bItoXz6IIcypE191heKer,30e67433-19dc-4a96-abb4-64a00e11bc27,༄༅། །མར་མེའི་སྨོན་ལམ།,bo,72f7ec80-ddec-45f0-baaf-d9dc2e478ddf,yQJB9DQxa1aArwuoSKwlg,4sO9O1jmGL4htEtYKGrdN,མར་མེའི་སྨོན་ལམ།,མར་མེའི་སྨོན་ལམ།,content-near-identical,0.9814,0.9814,False,14,,
UYiQKzzhz90N1H7W6a8Hy,34c6e88c-c16d-48e6-bccd-4f4f8a9a1ee8,༄༅། །མི་ཁའི་བཟློག་བསྒྱུར། །,bo,070db757-f38d-4daa-8512-ae97a20e1e4e,ah72PYssW0OH9034vKXr1,HTZuV4cqg8kCEH21xUCmK,མི་ཁའི་བཟློག་བསྒྱུར།,༄༅། །མི་ཁའི་བཟློག་བསྒྱུར།,content-near-identical,0.9986,0.9986,False,315,,
Cxi2OyXjfXBNm8x157ORA,889c77f6-3f91-497f-a2a4-0e7ff05ecb93,༄༅། །མྱུར་མཛད་རྣམ་གསུམ་བཞུགས་སོ། །,bo,b3073141-e4fd-4dae-b1e6-f81fe2bac2c3,OOxJSuMsb9WXWTf05o1WM,d7f3kWwnvwSwkYnjXfLkb,མྱུར་མཛད་རྣམ་གསུམ་བཞུགས་སོ།,མྱུར་མཛད་རྣམ་གསུམ་བཞུགས་སོ། །,content-near-identical,0.9885,0.9885,False,37,78,
t8VNoKiLszFdrfwmWNqeP,3929ebb0-c06f-4c5e-9abf-7ca523b588c8,ཚད་མེད་བཞི།,bo,927dfbef-c530-4b56-86a3-c300bf3764e6,QHZBDsYF0orhBAUJDPqMR,q8MIDeOdfo0V2q5bWsI87,ཚད་མེད་བཞི།,༄༅། །ཚད་མེད་བཞི།,content-identical,1.0,1.0,False,5,3,Mxb9OWCLPl9Lo93mGalwK 3Cr2m9edBE1k9ZNhycaqU GKS5tWivkXVenitGl6H1D kGwYQxI1Ubw62AhYBA9oP
9M8TfAWQOo0xtmNxbddeH,88f29b50-4cba-4844-aa61-9920ad59e741,ཚིག་བདུན་གསོལ་འདེབས།,bo,3157d3cb-04b4-4cb8-a362-cdd80e918e7a,xy9aPmhAKPXkjP8aTd6pH,gWb8KjlGhGsEXwq2LUOmL,ཚིག་བདུན་གསོལ་འདེབས།,ཚིག་བདུན་གསོལ་འདེབས།,content-identical,1.0,1.0,False,9,34,LxuZ66O6ACBTF87dUAbMM Svkm4R4nGEv6DHzz8J3Q2 dxYbH9EeNcllOKRviqAaG
7NzjhUOmosr9woluvuhPL,0a79f62a-2dc3-418d-b3e3-68fd12ee6a9b,༈ ཚེ་རབས་རྗེས་འཛིན་བཞུགས་སོ། །,bo,99b598e7-5d39-4b59-b667-8ba403d58e65,NYi0bLKLZewqJSJq0Bmq5,oPDcRBAc1r939AqjdyKeJ,ཚེ་རབས་རྗེས་འཛིན་བཞུགས་སོ།,ཚེ་རབས་རྗེས་འཛིན་བཞུགས་སོ།,content-near-identical,0.987,0.987,False,29,90,
q3ksbAto7RhVBqYUD7hkJ,a180373c-1534-43a0-93af-05d11c832802,༄༅། །ཚེས་བཅུའི་ཕན་ཡོན་གསོལ་འདེབས་བཞུགས།,bo,c44c8896-8607-4bcc-82b4-9a22ba25ca49,wgVcY3J5MTfM6YGUxOvxW,8Z62BCXhB2NPPRcd8LbPr,ཚེས་བཅུའི་ཕན་ཡོན་གསོལ་འདེབས།,ཚེས་བཅུའི་ཕན་ཡོན་གསོལ་འདེབས།,content-near-identical,0.9925,0.9925,False,70,,
uyKH8nciWv9jT5luTsBSt,b775e624-78b7-47dd-afac-f214974be892,ཞབས་བརྟན་གསོལ་འདེབས་འཆི་མེད་གྲུབ་པ་ཞེས་བྱ་བ་བཞུགས་སོ།,bo,7318f8a0-b1de-4d17-882c-85864f511b4e,O7zQBVvLwRkklmls7T0rI,NfgYMEkF3ssxasV10arhm,ཞབས་བརྟན་གསོལ་འདེབས་འཆི་མེད་གྲུབ་པ་ཞེས་བྱ་བ་བཞུགས་སོ།,ཞབས་བརྟན་གསོལ་འདེབས་འཆི་མེད་གྲུབ་པ་ཞེས་བྱ་བ་བཞུགས་སོ། །,content-near-identical,0.9895,0.9895,False,56,61,
KwcFAztu5cf9y7sTizsqr,af6b3391-115e-482d-86a6-60e1e263b252,༄༅། །ཞབས་བརྟན་ནུབ་ཕྱོགས་བདེ་ལྡན་མ་བཞུགས་སོ།།,bo,253f4d76-4385-49ea-9b2e-a3bec7db5158,fqNOVGNxalNzYtRDHOUG8,GXB15YTNewESx45CIh0oE,ཞབས་བརྟན་ནུབ་ཕྱོགས་བདེ་ལྡན་མ་བཞུགས་སོ།།,ཞབས་བརྟན་ནུབ་ཕྱོགས་བདེ་ལྡན་མ་བཞུགས་སོ།,content-near-identical,0.9808,0.9808,False,23,,
xskgiwaUBncLdFp1QBtar,1cc7dd3e-eabc-400f-a56a-5c3baf2189bb,འཆི་ཁར་ཕན་པའི་གདམས་ངག་ཉམས་ལེན་གྱི་སྙིང་པོ་ཞེས་བྱ་བ་བཞུགས་སོ།།,bo,999d5c9e-72c1-4e52-9264-937b4ddf96f0,4EHTjydnuy2wS0gTebywS,gMd4OTPBwhwEWfDjGxdBp,འཆི་ཁར་ཕན་པའི་གདམས་ངག་ཉམས་ལེན་གྱི་སྙིང་པོ་ཞེས་བྱ་བ་བཞུགས་སོ།།,འཆི་ཁར་ཕན་པའི་གདམས་ངག་ཉམས་ལེན་གྱི་སྙིང་པོ་ཞེས་བྱ་བ་བཞུགས་སོ།།,content-near-identical,0.9787,0.9787,False,32,,
UvgvNyhXT40rxRMvoRFcm,449dfb22-7893-4bed-9d37-47dc93cb59a6,འཇམ་དཔལ་རྫོགས་པ་ཆེན་པོའི་སྨོན་ལམ།,bo,d04cf676-2893-48fb-8f40-b47eb95e856f,eMiZqknYL6KvN1qavNnc6,h3Ua5YsPEyPdkmeCXxHkL,འཇམ་དཔལ་རྫོགས་པ་ཆེན་པོའི་སྨོན་ལམ།,འཇམ་དཔལ་རྫོགས་པ་ཆེན་པོའི་སྨོན་ལམ།,content-near-identical,0.9996,0.9996,False,82,,
akOjJcqjY1nmCQ39uVqSI,c5855030-d2c8-43a5-b275-9048275c2f20,འཇམ་དབྱངས་ཀྱི་བསྟོད་པ་གང་བློ་མ།,bo,a7447ae3-d794-4667-8b09-0b4109db9c59,UaBLIMnKb9uUTd5XOiFeZ,W3J9N11rkDZFuTMHFUBDl,འཇམ་དབྱངས་ཀྱི་བསྟོད་པ་གང་བློ་མ་བཞུགས་སོ།,འཇམ་དབྱངས་ཀྱི་བསྟོད་པ་གང་བློ་མ་བཞུགས་སོ།,content-identical,1.0,1.0,False,6,11,97gGeH3dzN2GdcXT5qPmI h0449YbvlLSwhi2y0Wpvx dr3oxppHkgomawtVczWaU
wX7T2qtfnCnyil7DS4xP4,8c255cdf-9599-4c91-bc2f-6cb427f3e753,༄༅། །འཇམ་མགོན་བླ་མ་ཙོང་ཁ་པ་ཆེན་པོས་མཛད་པའི་བློ་སྦྱོང་སྙན་ངག་སྒྲ་རྒྱན་བཞུགས་སོ།,bo,1689702c-7d24-4ffd-bf6b-f3770398348c,hBX9CNrdF2C1ieSaXnyVH,3FQn1Eukbg6yY3hHIum40,འཇམ་མགོན་བླ་མ་ཙོང་ཁ་པ་ཆེན་པོས་མཛད་པའི་བློ་སྦྱོང་སྙན་ངག་སྒྲ་རྒྱན་བཞུགས་སོ།,འཇམ་མགོན་བླ་མ་ཙོང་ཁ་པ་ཆེན་པོས་མཛད་པའི་བློ་སྦྱོང་སྙན་ངག་སྒྲ་རྒྱན་བཞུགས་སོ།,content-identical,1.0,1.0,False,110,,
0Bafa6iOSzMVuYAHl2n7p,6ae2962d-ec9f-4537-8c07-5e930e203c8c,འཕགས་པ་ཐུགས་རྗེ་ཆེན་པོ་ལ་བསྟོད་ཅིང་གསོལ་བ་འདེབས་པ་ཕན་བདེའི་ཆར་འབེབས།,bo,12fff250-a65c-4c3c-ba1d-9cbb8cc4f471,Cx2i3PIpnoJPNdWR5LX5w,IjbEBWjEhVnEhJMcxuBqv,འཕགས་པ་ཐུགས་རྗེ་ཆེན་པོ་ལ་བསྟོད་ཅིང་གསོལ་བ་འདེབས་པ་ཕན་བདེའི་ཆར་འབེབས་ཞེས་བྱ་བ་བཞུགས་སོ།,འཕགས་པ་ཐུགས་རྗེ་ཆེན་པོ་ལ་བསྟོད་ཅིང་གསོལ་བ་འདེབས་པ་ཕན་བདེའི་ཆར་འབེབས་ཞེས་བྱ་བ་བཞུགས་སོ,content-near-identical,0.9987,0.9987,False,29,47,8t0CWe4dz5Mka9j4ZvqDS sAoES2Efx3HrA1xKZ3lpk 9TcjNGMBJdOVi6IGgFV97
z4ZksRsiLcG7gUL9OKQpL,3766f2c4-2deb-47f9-b17f-1f7d73dd9a20,དཀོན་མཆོག་རྗེས་དྲན་གྱི་མདོ།,bo,71fcbfa9-0148-4efd-ad86-d0d141741387,N4loXiCK144VPVHVSJaUG,xdOKmSRBcOgrEBDPaVBRk,འཕགས་པ་དཀོན་མཆོག་གསུམ་རྗེས་སུ་དྲན་པའི་གྱི་མདོ།,༄༅། །འཕགས་པ་དཀོན་མཆོག་གསུམ་རྗེས་སུ་དྲན་པའི་གྱི་མདོ།,content-near-identical,0.9761,0.9761,False,22,9,X3x9igHVS8wqtcTAZmwPM gk0mXQxKi74KaocvEIUus
VxgFTphM5dFGoZfhpNlEp,5fc8fe2b-a988-4bcb-bf5a-e4629d0e9725,འཕགས་པ་བཀྲ་ཤིས་བརྒྱད་པའི་ཚིགས་སུ་བཅད་པ།,bo,10fd75c0-401d-45fb-ac73-c429d10f7cba,xC0WW7fOoqcdmEGWzhXnQ,wGkNgIX5V2AqAqnU8wHZe,འཕགས་པ་བཀྲ་ཤིས་བརྒྱད་པ།,འཕགས་པ་བཀྲ་ཤིས་བརྒྱད་པ།,content-near-identical,0.9898,0.9898,False,6,25,AoF1aImdVt2W5nzFKi3V2 D4p3S2naTvoU0ps2qx1Lo
Rogfmy9tGcZdAsYfHf5e2,c5dcf7bc-46c9-4de8-a24a-1354595c1f62,འཕགས་པ་བཟང་པོ་སྤྱོད་པའི་སྨོན་ལམ་གྱི་རྒྱལ་པོ།,bo,ddf18a7e-4de1-4361-940c-b20e05da95df,HfTEGGmFOf7N5AMd05vq4,MRWJADM7XHzkWre7muf0q,འཕགས་པ་བཟང་པོ་སྤྱོད་པའི་སྨོན་ལམ་གྱི་རྒྱལ་པོ།,འཕགས་པ་བཟང་པོ་སྤྱོད་པའི་སྨོན་ལམ་གྱི་རྒྱལ་པོ།,content-near-identical,0.9953,0.9953,False,66,8,Bc4nqldQZWbCVOfgo2bDm VhtRx302f83Oe0vHA4xI6 ou2SaVJR4CLuDyiEhqI5n
bVFy2GBR6kjNEGphPd9Md,7dbb203f-a1f4-4994-85ce-89013d18eefd,འཕགས་པ་སྤྱན་རས་གཟིགས་ཀྱི་མཚན་སྔགས།,bo,80ccd1af-2f72-45ee-8378-f83876760ad5,gD6l5DOAFrdYAsarBFUZU,TANXO82qBBta20TzUjBip,འཕགས་པ་སྤྱན་རས་གཟིགས་ཀྱི་མཚན་སྔགས།,འཕགས་པ་སྤྱན་རས་གཟིགས་ཀྱི་མཚན་སྔགས།,content-identical,1.0,1.0,False,9,49,RvRpojtScRxmTyefnnsXM
YK3meGLcmDIcehnaKujvl,f4b5b0df-c8a1-4d33-9313-1b0731d24dc4,ཡན་ལག་བདུན་པ།,bo,96d3e0c0-b327-4f95-88c4-c2ed4be1a1b1,Tqh7WbzjdF9mxrIx9qGGT,BEviNp2GVbhwTAYVDoB1z,ཡན་ལག་བདུན་པ།,ཡན་ལག་བདུན་པ།,content-identical,1.0,1.0,False,13,4,0JnGbzGSj4McVGp5wDJNZ No3lX0bF3ZZnBVVBcDTCZ tuIkmdlYP27qkMI046D1o
TpvKk1bhq5l0Ql6AD9jcN,d5bd562a-c555-4a0e-9394-df90f6ba5ba8,ཡོན་ཏན་གཞིར་གྱུར་མ།,bo,db3a119e-06c7-4263-aa75-63b3f14381a7,48q7hw4yg2R9PUS5J8CNH,umHFVHWtijcQXeI3iKz5T,ཡོན་ཏན་གཞིར་གྱུར་མ་བཞུགས་སོ།,ཡོན་ཏན་གཞིར་གྱུར་མ་བཞུགས་སོ།,content-identical,1.0,1.0,False,14,57,O4spLEZF2ENJp3FNrzg21 I4rjKOpgMpI2MpuX2DADc lMiPfENuscSB50lBvKhSN
Vv0gGhceDeefr29zTcOak,8a9d081f-d79f-4c18-a514-b7b11fbb04aa,༄༅། །རི་བོ་བསངས་མཆོད་བཞུགས་སོ༔,bo,499145f1-26b1-4fcf-b522-b3fa2380a4e6,n5eiqIyerGkMQmOTYeIkM,1lvdqkJHXQp2bQWYrih6t,རི་བོ་བསངས་མཆོད་བཞུགས་སོ༔,༄༅། །རི་བོ་བསངས་མཆོད་བཞུགས་སོ༔,content-near-identical,0.9946,0.9946,False,62,94,
xOKuDt1o48Zzh8ROEReQL,c183902b-7b3e-412d-b82b-835f9ce252a4,༄༅། །རྒྱ་ནག་པོའི་སྐག་ཟློག་ཅེས་བྱ་བ་བཞུགས་སོ།།,bo,3d03be0a-9a93-4880-a4d6-dd4b80f4f6b9,Fm2iGjdufDtuFzNzQn4k2,2Vu7pa6WV6bQAmGSrgM9b,རྒྱ་ནག་པོའི་སྐག་ཟློག་ཅེས་བྱ་བ་བཞུགས་སོ།།,རྒྱ་ནག་པོའི་སྐག་ཟློག་ཅེས་བྱ་བ་བཞུགས་སོ།།,content-near-identical,0.9975,0.9975,False,195,68,
FAtBZHxk8RrXsAEZzBoe2,3aab29a4-ed0a-439c-bacc-520967c3ae34,རྒྱན་དྲུག་མཆོག་གཉིས་ཀྱི་བསྟོད་པ་མཁའ་མཉམ་མ།,bo,f1803599-b868-4f75-8f50-4fb592ee53bd,E1YX2Wf0EUTpO9t0FClyC,KPnocmcCZlZ251vr9T6uG,རྒྱན་དྲུག་མཆོག་གཉིས་ཀྱི་བསྟོད་པ་མཁའ་མཉམ་མ།,རྒྱན་དྲུག་མཆོག་གཉིས་ཀྱི་བསྟོད་པ་མཁའ་མཉམ་མ།,content-identical,1.0,1.0,False,41,28,
bs1X4drBtbNA3QjY4dRr1,a61ba1f4-13fc-4356-bd05-7d53b03a52b4,༄༅། ། རྒྱལ་བའི་དབང་པོ་ཀློང་ཆེན་རབ་འབྱམས་ལ་བསྟོད་པ།,bo,1cf591b7-3d72-4d5e-957f-36f2004f1a08,KZ1bKKD4sI6I6wvFtmDku,xMCh9GvJTCCj2BcHZ80j8,རྒྱལ་བའི་དབང་པོ་ཀློང་ཆེན་རབ་འབྱམས་ལ་བསྟོད་པ།,རྒྱལ་བའི་དབང་པོ་ཀློང་ཆེན་རབ་འབྱམས་ལ་བསྟོད་པ།,content-near-identical,0.992,0.992,False,52,,
LVP5nUeEvuVsiZfdVtYMc,157ed003-1b25-40d9-8ff8-35e138f41ca9,རྗེ་གསང་བའི་རྣམ་ཐར།,bo,cf8cdf74-2934-452c-a45d-0ff49d249320,xvMseI1k2T2XmoQ44LfK0,mnvLuXNYtmeWQYmIiMBcw,རྗེ་གསང་བའི་རྣམ་ཐར།,རྗེ་གསང་བའི་རྣམ་ཐར།,content-near-identical,0.9987,0.9987,False,200,93,
VQCeYTy5iSvJ8AnBoUiy9,2b15f7bb-e8ab-47b7-9f9c-214111c53d14,རྟེན་འབྲེལ་བསྟོད་པ།,bo,f6b1e524-7e7d-4054-a63a-7749c6a805d0,Xkc1mMeTE2DDxnMl9soTA,wjJ5a3Ay2TIeiaAyVww6c,རྟེན་འབྲེལ་བསྟོད་པ།,རྟེན་འབྲེལ་བསྟོད་པ།,content-near-identical,0.9996,0.9996,False,60,46,ltyvp7lflT9xJSFo2WQtz m7C9YJylPJlOGJEEbacmW 6kXUcE3afD6k6TVD6MQsE
MnPlQalo9AJriRE6MqWPL,0600bb25-8f17-44fa-a809-15b710bce538,༄༅། །རླུང་རྟ་ཡར་བསྐྱེད་བསངས་མཆོད་བཞུགས་སོ།།,bo,ec05dd4d-a1ee-45f1-b74d-e790107de343,AjHdjattoK0fqbz0d2sn3,dRvCnOEGrZe3A0ltC7vpd,རླུང་རྟ་ཡར་བསྐྱེད་བསངས་མཆོད་བཞུགས་སོ།,རླུང་རྟ་ཡར་བསྐྱེད་བསངས་མཆོད་བཞུགས་སོ།,content-near-identical,0.9914,0.9914,False,66,97,
x9yfRnTJgwH4NEGtoIsYJ,d5de76ec-c123-428f-b1b2-09e1c9b3f87b,ལམ་གཙོ་རྣམ་གསུམ།,bo,b3c9352a-fdd8-4e15-bbe7-ff97f30b26bc,6LNEfKQuYRkVjRnDTuvsy,RNYmYChxCvjbCz9ZwBxSY,ལམ་གཙོ་རྣམ་གསུམ།,ལམ་གཙོ་རྣམ་གསུམ།,content-near-identical,0.996,0.996,False,17,38,boCf3FKjRYhmPGF235EDe fgZdQX3AmDTAt69CTw5F9 oUqJyEZPiPNkww0aYkV1h
hC1Bp4sUkM02CVe9Kg80g,15db718e-6c0c-49f0-aad6-f31832ff1bbf,ལྷ་མོར་བསྟོད་པ་ཡན་ལག་བདུན་པ།,bo,c6e6f503-5c51-4326-a301-038c605be982,N3FFr4aBycwWNns1xnlAj,1jito0teYs1nCgu4PEehq,ལྷ་མོར་བསྟོད་པ་ཡན་ལག་བདུན་པ།,ལྷ་མོར་བསྟོད་པ་ཡན་ལག་བདུན་པ།,content-identical,1.0,1.0,False,8,50,hiQALH5EZZ3Vs2ntfJKss
yGBvMTnF3sWZ8AxjogVlN,596d645b-19c5-40e3-83ce-7bc352c4a8f6,སངས་རྒྱས་ཆོས་ཚོགས་མ།,bo,c562bb15-62b3-4fc3-862a-45f371bc3910,lkZrPg9nW1Tq1HDYpk0Nn,FnTM7nxmGHyjcSrm9Pk8b,སངས་རྒྱས་ཆོས་ཚོགས་མ།,སངས་རྒྱས་ཆོས་ཚོགས་མ།,content-variant,0.9393,0.9393,True,2,2,gVuqtvgbzbjwLAMmY3all XHHKwEe0LCS2DUrLoobuy 6GPSRncyxMzVEOl9LGINM R0VGsUyvIRBqQjhODEiY0
P4rtJBlE4hLKy6mgMmbqn,edbef9bb-e001-432e-b6c3-e574c094ea62,སྒྲོལ་མ་ཉེར་གཅིག་ལ་བསྟོད་པ།,bo,f0a67204-c557-4856-b5bd-6a8932ae820f,HyUbHGlzS9LsSrgiFQNYE,lEmYv8BrRQkOMPY9ymQpS,སྒྲོལ་མ་ཉེར་གཅིག་ལ་བསྟོད་པ།,སྒྲོལ་མ་ཉེར་གཅིག་ལ་བསྟོད་པ།,content-near-identical,0.9904,0.9904,False,31,7,eUIOFPy66eyjuVEIUZjPF GtlnR2YuR2vXA1NoCnuKN nGJwfdkjXlCQBQsl24HDo ATPs43o1O3n8GT3AkqSlA m8QpB7mEMvmgM2NBCNHAB Ed2GKDFklgId2Gsx3Xv6t
CHTaNveRDmoSLCdZr9qLe,c2365b70-6888-4be3-87e4-dfb6f0c5f224,༄༅། །སྒྲོལ་མ་ཙིཏྟཱ་མ་ཎི་ལ་བརྟེན་པའི་ཐུན་མོང་མ་ཡིན་པའི་བླ་མའི་རྣལ་འབྱོར་ཐར་པར་བགྲོད་པའི་ཐེམ་སྐས་ཞེས་བྱ་བ་བཞུགས་སོ། །,bo,053b9648-24fd-4f47-ac01-76e81c52a1f5,eTmzkTGQAP1kUP2cAyjT7,gK6PnhBsPdvR4iYw4sFUH,སྒྲོལ་མ་ཙིཏྟཱ་མ་ཎི་ལ་བརྟེན་པའི་ཐུན་མོང་མ་ཡིན་པའི་བླ་མའི་རྣལ་འབྱོར་ཐར་པར་བགྲོད་པའི་ཐེམ་སྐས་ཞེས་བྱ་བ་བཞུགས་སོ། །,༄༅། །སྒྲོལ་མ་ཙིཏྟཱ་མ་ཎི་ལ་བརྟེན་པའི་ཐུན་མོང་མ་ཡིན་པའི་བླ་མའི་རྣལ་འབྱོར་ཐར་པར་བགྲོད་པའི་ཐེམ་སྐས་ཞེས་བྱ་བ་བཞུགས་སོ། །,content-near-identical,0.9712,0.9712,False,40,63,
iA4TUggSjlVU0EFRGmjJn,704b917a-0c8d-4654-a59d-b57f67325ec8,སྟོན་པ་ཐུབ་པའི་དབང་པོར་བསྟོད་པ།,bo,f688c567-634d-4255-a1ef-676f7592c410,HsEb0SsTZy4PirhQ8NgaM,x6yllaEumaXBuYlL7IcVG,སྟོན་པ་ཐུབ་པའི་དབང་པོར་བསྟོད་པ།,༄༅། །སྟོན་པ་ཐུབ་པའི་དབང་པོར་བསྟོད་པ།,content-identical,1.0,1.0,False,23,58,i7B83igcHGX6X9BPRTCO6
YIx7kh2NhIqiSs5IseLFJ,f77c4d00-077a-41bf-a055-69007c5c9649,སྤྱོད་འཇུག་སྨོན་ལམ།,bo,efb2ae7e-6550-42d7-8de8-955e883571b9,17Ui1qnL3NJCnEowPZ2ZQ,f7qs8kKZMFZ30ynqq7cif,སྤྱོད་འཇུག་སྨོན་ལམ་བཞུགས་སོ།,སྤྱོད་འཇུག་སྨོན་ལམ་བཞུགས་སོ།,content-near-identical,0.9946,0.9946,False,58,14,o9RqFHbVZ6e5SYkONjNmp o0Jycpv1mnYxbNQjZYByO
Il82XeEj2CTqcvTbyS0hg,da83f0ea-4dd2-498b-bd02-0e18968bb92c,༄༅། །སྨོན་ལམ་རྡོ་རྗེའི་རྒྱ་མདུད་ནི། །,bo,f71a9ade-44bf-4f97-9595-4ab70f5dcd1a,ZEggQpnRdNyGUaocUZLXy,qu5nwRaH41iTbKCJE8W2w,སྨོན་ལམ་རྡོ་རྗེའི་རྒྱ་མདུད་ནི།,སྨོན་ལམ་རྡོ་རྗེའི་རྒྱ་མདུད་ནི།,content-near-identical,0.9852,0.9852,False,36,,
OmpkwJBcTYrtRGEf94bDy,4225a589-eed5-49b5-970d-963f1e2ffcc3,༄༅། །སློབ་དཔོན་ཐུགས་རྗེ་ཅན་གྱི་ཐུགས་དམ་གནད་ནས་སྐུལ་བའི་གདུང་དབྱངས་གསོལ་འདེབས་བཞུགས་སོ། །,bo,3ee62166-7757-4291-974e-441f06fe4397,izKLWpVHbh8DJwALK0bgv,lSWztGH4FFb8Ue8nnxchb,སློབ་དཔོན་ཐུགས་རྗེ་ཅན་གྱི་ཐུགས་དམ་གནད་ནས་སྐུལ་བའི་གདུང་དབྱངས་གསོལ་འདེབས་བཞུགས་སོ། །,སློབ་དཔོན་ཐུགས་རྗེ་ཅན་གྱི་ཐུགས་དམ་གནད་ནས་སྐུལ་བའི་གདུང་དབྱངས་གསོལ་འདེབས་བཞུགས་སོ། །,content-near-identical,0.968,0.968,False,32,87,
wN9twxKPF0D5PWUdEARSU,36d15815-6150-4abe-b594-4c327472e79d,སློབ་དཔོན་རིན་པོ་ཆེའི་མཚན་སྔགས།,bo,3f86c591-4fd0-4bba-ab7b-621e0a5066d3,Ur3xbvgxjOFOLjBYNrMSz,oFa1C0JT5VbOYjENkuT5D,སློབ་དཔོན་རིན་པོ་ཆེའི་མཚན་སྔགས།,སློབ་དཔོན་རིན་པོ་ཆེའི་མཚན་སྔགས།,content-identical,1.0,1.0,False,2,54,q1bF8rbiRFsmi4PZE2erf
Ib2zI94iI0RIcIPwOJqWd,c37013a9-5b66-4d92-bcc5-8e504edf9602,ཨོ་རྒྱན་རིན་པོ་ཆེའི་ཞལ་ཆེམས་གསོལ་འདེབས་བཞུགས༔,bo,64a46d45-dd34-4c51-9cfb-8d2e41b4f683,UUbYLrWhXhDBLSXnmDBLe,CdSPtE4Qu9j5vmr1vSvqZ,ཨོ་རྒྱན་རིན་པོ་ཆེའི་ཞལ་ཆེམས་གསོལ་འདེབས་བཞུགས༔,ཨོ་རྒྱན་རིན་པོ་ཆེའི་ཞལ་ཆེམས་གསོལ་འདེབས་བཞུགས༔,content-near-identical,0.98,0.98,False,30,,
,,,,,5yVLOg0Vna5MtaXlf6KaY,u4GrFTrXLKLkBp0mqYbZp,ཇོ་བོ་རྗེའི་བསྟོད་པ་ཕུན་སུམ་ཚོགས་པ་མ་བཞུགས་སོ།,ཇོ་བོ་རྗེའི་བསྟོད་པ་ཕུན་སུམ་ཚོགས་པ་མ་བཞུགས་སོ།,NEW_ONLY,,,,,,
,,,,,ewzxYYcM5UF1oCDtMDxNl,9HPXahDQ9ptYjc0QmmxjJ,དགའ་ལྡན་ལྷ་བརྒྱ་མ་འདོད་གསོལ་སྨོན་ལམ་དང་བཅས་པ།,དགའ་ལྡན་ལྷ་བརྒྱ་མ་འདོད་གསོལ་སྨོན་ལམ་དང་བཅས་པ།,NEW_ONLY,,,,,,
,,,,,cf37ueUMBKoDYm3Ez1YFt,36NY3B0vOoajMk3JrGcUT,བྱིས་པའི་གདོན་ཆེན་བཅོ་ལྔ་ཞི་བར་བྱེད་པའི་གཟུངས་བཞུགས་སོ།,བྱིས་པའི་གདོན་ཆེན་བཅོ་ལྔ་ཞི་བར་བྱེད་པའི་གཟུངས་བཞུགས་སོ།།,NEW_ONLY,,,,,,
,,,,,ZUYKSNhId4fkM8GExRjIv,efZc9xHWDmi5VqdhMPNI2,བྱིས་པའི་འབུམ་ཆུང་བཞུགས་སོ།།,བྱིས་པའི་འབུམ་ཆུང་བཞུགས་སོ།།,NEW_ONLY,,,,,,
,,,,,vB32VL9Pymp6WlOOZJa3r,YW34dIELkqsK2440H48vt,རྒྱལ་ཁམས་བདེ་བའི་སྨོན་ལམ།,རྒྱལ་ཁམས་བདེ་བའི་སྨོན་ལམ།,NEW_ONLY,,,,,,
,,,,,dpKoQk4ixjNFq1f7vQVEf,cV4yXtdrXIN2PblCMKgyt,རྒྱལ་བ་ཚེ་དཔག་མེད་ཀྱི་མཚན་སྔགས།,རྒྱལ་བ་ཚེ་དཔག་མེད་ཀྱི་མཚན་སྔགས།,NEW_ONLY,,,,,,
,,,,,8lzsQrOi1YkdHPbkfaxa1,r1gz73KD54GEXk1HLE62S,ལམ་རིམ་སྨོན་ལམ་བཞུགས་སོ།,ལམ་རིམ་སྨོན་ལམ་བཞུགས་སོ།,NEW_ONLY,,,,,,
,,,,,GNaFsT0ZUBpCmGy61FXvw,LaQL9SI0YFgKm94SNDWu7,སྒྲོལ་བསྟོད་སྐྱབས་བདུན་མ།,སྒྲོལ་བསྟོད་སྐྱབས་བདུན་མ།,NEW_ONLY,,,,,,
2ghM3pZ0YejMR19RwhgVS,da7b8478-630c-48f9-b784-3e00ebdc778f,ཆགས་མེད་བདེ་སྨོན།,bo,a74a7d17-9912-4e9d-bec1-3ed1d45222bb,,,,,OLD_ONLY,,,,76,37,
bOJymZ1PZjpFDkeffjbgZ,ecbfbb32-e1c8-4ce6-a207-72ca8e71d12a,ཆགས་མེད་བདེ་སྨོན། ༼ཁ་སྐད།༽,tib,a74a7d17-9912-4e9d-bec1-3ed1d45222bb,,,,,OLD_ONLY,,,,76,,
GxakJMOLGzLwoLSbFTzd0,e1a437bc-d606-4283-838f-d5d46df0b2fe,chak mé dé mön,tibphono,a74a7d17-9912-4e9d-bec1-3ed1d45222bb,,,,,OLD_ONLY,,,,76,,
88UIsXzJTkawquPqwKgBu,ec03ba6e-4c0b-42b1-8a35-6777357243a9,བཅོམ་ལྡན་འདས་མ་ཤེས་རབ་ཀྱི་ཕ་རོལ་ཏུ་ཕྱིན་པའི་སྙིང་པོ། ༼ཁ་སྐད།༽,tib,af4bad1b-a382-41f9-a6c9-1926de0c00ac,,,,,OLD_ONLY,,,,27,,
rj2dtxUr9tSKn7P6qfL0g,d51cd269-15e5-43db-a15a-1d2fbd9422c5,chomdendé ma sherab kyi parol tu chinpa i nyingpo,tibphono,af4bad1b-a382-41f9-a6c9-1926de0c00ac,,,,,OLD_ONLY,,,,27,,
1EENMb457ICcq3d2DwQBs,6d9a82b9-8d9d-4b71-830e-b80538d3cf54,The Sūtra of the Heart of Transcendent Wisdom,en,af4bad1b-a382-41f9-a6c9-1926de0c00ac,,,,,OLD_ONLY,,,,27,,
FsrpfLxgRL9UniIrc7c5o,8bb4a625-0112-40c0-9c60-bb26b3df2b10,བཅོམ་ལྡན་འདས་མ་ཤེས་རབ་ཀྱི་ཕ་རོལ་ཏུ་ཕྱིན་པའི་སྙིང་པོ།,bo,af4bad1b-a382-41f9-a6c9-1926de0c00ac,,,,,OLD_ONLY,,,,27,6,
AX15wWwiRslIIaViRwhoR,80cd0f55-85f3-478a-9314-5301d3d7b7d4,ཞབས་བརྟན་རབ་འབྱམས་རྒྱལ་བ། ༼ཁ་སྐད།༽,tib,1a912685-b0b7-4830-aaa1-3a2dc051b63a,,,,,OLD_ONLY,,,,13,,
Q0zksNncp4RAUYQltthMp,c41e2387-d0d8-4bf7-8404-0393c6ea34f0,Long Life Prayer for Lhamo Dhondup,en,1a912685-b0b7-4830-aaa1-3a2dc051b63a,,,,,OLD_ONLY,,,,13,,
Rz0H8UL1N8bz0VmoeGAf0,aca02891-3aa5-4bcb-af2e-c9aadf5e6895,zhabten rabjam gyalwa,tibphono,1a912685-b0b7-4830-aaa1-3a2dc051b63a,,,,,OLD_ONLY,,,,13,,
kxpC4ZMDErbw1IuehkSja,4ab69d62-e41a-4706-baad-55273842dffa,ཞབས་བརྟན་རབ་འབྱམས་རྒྱལ་བ།,bo,1a912685-b0b7-4830-aaa1-3a2dc051b63a,,,,,OLD_ONLY,,,,13,40,
TAbX51fDXxXj8CxLu1c3P,64ae49d2-ef14-42ea-a25b-55ba167830f8,kabsumpa,tibphono,37270029-c82b-44b4-b9cc-b9216424f76c,,,,,OLD_ONLY,,,,8,,
LhQhzZCHxKWeOwzARxh0D,b3c70823-a286-41a9-b92e-ad710564d6e2,སྐབས་གསུམ་པ།,bo,37270029-c82b-44b4-b9cc-b9216424f76c,,,,,OLD_ONLY,,,,8,48,
dbCoB885FatTtPBL0uAhR,237d2dbc-d44d-4170-a72e-6eb0384070da,chötrin,tibphono,633c9ad7-bcd3-4183-acf8-c7630f946a2b,,,,,OLD_ONLY,,,,4,,
u38TSRK5aOi34PJjQoQUF,60dc0fb5-b50e-4c9b-b9d7-81eb5a4cc8bb,མཆོད་སྤྲིན།,bo,633c9ad7-bcd3-4183-acf8-c7630f946a2b,,,,,OLD_ONLY,,,,4,53,
xNQeMa8t4CLhYKaHEdoAo,35d26b8d-e483-485f-98e5-46bc2a354a72,chen dren,tibphono,e0958d38-e522-40be-8b19-76b1836cd0fb,,,,,OLD_ONLY,,,,4,,
5YzgMmU2Ilg5IqPorXE3c,4793ce41-b1c5-452f-8e1b-084cd0809ce4,སྤྱན་འདྲེན།,bo,e0958d38-e522-40be-8b19-76b1836cd0fb,,,,,OLD_ONLY,,,,4,22,
NuEh37Vk8MoyFBWVLTvVq,3d17b10e-8359-4e08-9cb3-76483fdff6ed,drüsol,tibphono,4b48a29d-7426-4b95-9f79-43ff644fcca7,,,,,OLD_ONLY,,,,7,,
eaqZXIxP0IjxVc14Vp8ee,5fbdc392-277c-4e0f-af42-90af605edf2c,ཁྲུས་གསོལ།,bo,4b48a29d-7426-4b95-9f79-43ff644fcca7,,,,,OLD_ONLY,,,,7,23,
bT5PObg8UWlrTkzv3vPLF,35471c65-cce4-4a58-b765-1e177f58b425,gyé dü khak,tibphono,33c7a7e0-7508-4470-8cc1-b512e1a18e2e,,,,,OLD_ONLY,,,,15,,
jnLnIQnJViIglxzTQXFBV,ebd8b369-b003-4993-93da-60a2544de716,མཎྜལ་རྒྱས་བསྡུས་ཁག,bo,33c7a7e0-7508-4470-8cc1-b512e1a18e2e,,,,,OLD_ONLY,,,,15,51,
runXDPyo0m8WVfde2iBgJ,4605058e-d796-4a26-9d31-12a4f8dacd5d,namgyal ma i tsen ngak,tibphono,57a14db6-4f6f-43f7-afea-657c22977dc8,,,,,OLD_ONLY,,,,2,,
GYzsYwtSTR6fXye5MLmEF,76d3da6c-dd8c-4618-a908-6d284d2b947c,རྣམ་རྒྱལ་མའི་མཚན་སྔགས།,bo,57a14db6-4f6f-43f7-afea-657c22977dc8,,,,,OLD_ONLY,,,,2,59,
6yK2HiJb7lAr6CY5NgXE2,4f63f7d8-1657-42dc-b12f-8e5d5646264d,kyabdro semkyé,tibphono,eead1cf9-511f-4276-8a08-fbe797d81d39,,,,,OLD_ONLY,,,,9,,
GjpCl4TgW7G8thqYjflrs,28a07e24-1415-464e-b307-b353741218a2,སྐྱབས་འགྲོ་སེམས་བསྐྱེད།,bo,eead1cf9-511f-4276-8a08-fbe797d81d39,,,,,OLD_ONLY,,,,9,1,
2bZWF6UBdLuBdZfiMjpHy,bacac346-25e2-4c6b-b7c2-f7f44774b14c,sizhi i tsugnor  gongsa gyalwang tamché khyenzik chenpo chok tendro i gön du zhab zung ten ching  labchen zhedön lhün drub ché chok sum gyamtso i tugjé kulwa i soldeb chimé drubpa i yangnyen zhé jawa zhuk so,tibphono,a7852082-2fe5-4d1a-a2b4-9645f2b9ac0e,,,,,OLD_ONLY,,,,34,,
c6swTm8ZeuBLi6ghdX9UF,c84511b7-821a-4950-b43f-d4d1e93ba124,སྲིད་ཞིའི་གཙུག་ནོར་ྋགོང་ས་རྒྱལ་དབང་ཐམས་ཅད་མཁྱེན་གཟིགས་ཆེན་པོ་མཆོག་བསྟན་འགྲོའི་མགོན་དུ་ཞབས་ཟུང་བརྟན་ཅིང་། རླབས་ཆེན་བཞེད་དོན་ལྷུན་འགྲུབ་ཆེད་མཆོག་གསུམ་རྒྱ་མཚོའི་ཐུགས་རྗེ་བསྐུལ་བའི་གསོལ་འདེབས་འཆི་མེད་གྲུབ་པའི་དབྱངས་སྙན་ཞེས་བྱ་བ་བཞུགས་སོ།,bo,a7852082-2fe5-4d1a-a2b4-9645f2b9ac0e,,,,,OLD_ONLY,,,,34,55,
pPybOINDurt6tzLN67nOM,960deb0d-a003-4cb5-9640-6ab3434f411e,bö sung lhasung gi drin kul,tibphono,e0d4229e-7c3f-4697-910e-83f55ab97e64,,,,,OLD_ONLY,,,,11,,
oyJC2oagDUUg5LaO2Kdqj,49f681d3-d58f-499f-ac97-c5cf8871e82f,བོད་སྲུང་ལྷ་སྲུང་གི་འཕྲིན་བསྐུལ།,bo,e0d4229e-7c3f-4697-910e-83f55ab97e64,,,,,OLD_ONLY,,,,11,56,
5qpkc8Hzc2aYNJ0cSKkn4,e36d0881-069e-4529-a80e-bfa9e26fb86e,gangchen shingta nyer nga i soldeb,tibphono,6686aa8c-9e1d-4753-ae5b-7c20710a3307,,,,,OLD_ONLY,,,,9,,
wzDA7pEyi2FpAh6aGkC8L,c9e2ae6c-fa7b-4b5e-8cc5-ddb684298382,གངས་ཅན་ཤིང་རྟ་ཉེར་ལྔའི་གསོལ་འདེབས།,bo,6686aa8c-9e1d-4753-ae5b-7c20710a3307,,,,,OLD_ONLY,,,,9,60,
9nu5dJTjJXGY97ovC3KaH,238f6704-d861-449a-b619-1a0c9cf90b9a,བླ་མ་མཆོད་པ་བདེ་ལེགས་རབ་རྒྱས།,bo,27828c1c-f872-46ef-b616-48bb664689fb,,,,,OLD_ONLY,,,,323,64,
efBrgMjfo4qeWnxw3mKyc,676324d5-5094-4798-897c-e0fe43e1bb2e,༄༅། །བླ་མ་མཆོད་པའི་ཆོ་ག་བཞུགས་སོ།,bo,e95837ac-9e8f-48d2-a337-ed9ff4fdfb2c,,,,,OLD_ONLY,,,,345,65,
M6kI2MUtjHWxJs3F5DBkF,13b5639a-2ce1-418a-b1e4-66fa63fe6c62,བླ་མམཆོད་པའི་ཚོགས་མཆོད་བཞུགས་སོ།།,bo,73f8a53e-399b-4409-ab01-c0e8582aef6d,,,,,OLD_ONLY,,,,103,66,
gV3wt5ca5TxEZRHbAReB2,46ba2747-72a0-4b9b-a8df-2adf16f8b3dd,༄༅། །དཔལ་རོང་ཟོམ་པཎྜི་ཏ་ཆེན་པོའི་བླ་མའི་རྣལ་འབྱོར་བྱིན་རླབས་ཆར་འབེབས་བཞུགས།,bo,16a7fc2b-a6fc-4754-9206-d7313b5842a3,,,,,OLD_ONLY,,,,69,67,
jF470CwKopJC5FAo8eFrP,c25b3c4a-5018-4b3a-8da2-d6601796da0b,༈ ཙཀྲ་བཅུ་གསུམ་པའི་གཟུངས་བཞུགས་སོ། །,bo,5eecce93-4b0e-4cb8-afc5-aba130a74d28,,,,,OLD_ONLY,,,,1,69,
AyRBffuQTtNbZbByigHvJ,948c1adc-4fdf-4bc9-9dc9-d5ab6646281e,༄༅། །བདེ་མཆོག་ལྷ་ལྔའི་སྒྲུབ་ཐབས་མདོར་བསྡུས་བཞུགས་སོ། །,bo,09152c5a-6f61-45d1-98c2-490670cd9d62,,,,,OLD_ONLY,,,,15,71,
fS2gNiCJjeEnO4qYg4lha,6b01341f-deac-4de7-acff-e13a0edd9cfe,བཅོམ་ལྡན་འདས་དཔལ་རྡོ་རྗེ་འཇིགས་བྱེད་དཔའ་བོ་གཅིག་པའི་སྒྲུབ་ཐབས་ཤིན་ཏུ་མདོར་བསྡུས་བཞུགས་སོ། །,bo,66f49f52-0194-4f20-a80d-a67bf3a1a898,,,,,OLD_ONLY,,,,64,72,
mpUkTPMub88uTqh4c70Er,bfb7ad85-4d4b-496b-b9b9-40c689cf95f9,༄༅། །དཔལ་འཁོར་ལོ་སྡོམ་པའི་དག་པ་གསུམ་གྱི་རྣལ་འབྱོར་བཞུགས་སོ།།,bo,26849ce1-8a24-4629-9946-e90e44aedbaa,,,,,OLD_ONLY,,,,49,73,
Yykt0JzDwfsv3JFnQWD11,e8725667-1e01-4438-97a6-3eae983bf098,མཐེ་པོའི་སྨན་ཆུའི་ལྷ་མོའི་གསོལ་མཆོད་བཞུགས་སོ། །,bo,5a1316f6-ea2e-4443-9784-c40ea5a55c16,,,,,OLD_ONLY,,,,29,74,
RSkUGdG151jLGnZqoPSz4,ed8dcb55-576b-4d8d-917c-2a30de31e98f,༄༅། །སྤྱི་བཤགས་བཞུགས་སོ། །,bo,4ae99ddf-fa64-4290-b1a2-eb5d7a52c12a,,,,,OLD_ONLY,,,,3,32,
js9ZNQuzZZ20l8m6omW6g,6883f6e1-d24a-412b-9028-9d3e13d5e498,༄༅། །གཙོ་རྒྱལ་མ་བཞུགས་སོ། །,bo,9926b3a3-defd-497a-9efa-f69f8ac61c1e,,,,,OLD_ONLY,,,,44,75,
Jv3p8Ag3qHoTVpiXnwbiH,ca858f19-2c96-489b-89ba-339792cbf09a,༄༅། །བདེ་སྨོན་བཞུགས་སོ། །,bo,dc19cdf2-8232-40e4-ae07-04f78746bd0c,,,,,OLD_ONLY,,,,81,77,
Vs2WEVstLpQpx409OKalW,b38b40f6-6314-4ced-ab18-221bde9d760f,ཆོས་རྒྱལ་ནང་སྒྲུབ་ཀྱི་བསྟོད་པ་བཞུགས་སོ། །,bo,1ff142ca-603f-4ed3-a9f9-727f921984b3,,,,,OLD_ONLY,,,,26,79,
h98VObMJm3vYaLxLPBR5E,a7d5c0d1-aa1c-4a84-8eeb-8dc12071f322,༄༅། །དཔལ་ལྡན་ལྷ་མོའི་བསྟོད་པ་བཞུགས་སོ། །,bo,edeea17c-b441-4236-aa54-b5dae371741b,,,,,OLD_ONLY,,,,47,80,
aaTIJKUrxxO1OeJG7Vexi,cec37dce-3176-4abf-a775-85a2e3325c65,༄༅། །བདེ་གཤེགས་རིགས་ལྔ་བཞུགས་སོ། །,bo,cee5b62a-1718-4d1e-b37d-687de1d30247,,,,,OLD_ONLY,,,,21,81,
qkgGW4MBMiNp6duAouPrJ,9b181f4a-d081-4bed-ac92-a6f5c1364c60,༄༅། །སྲིད་ཞིའི་གཙུག་ནོར་ྋགོང་ས་ྋསྐྱབས་མགོན་ྋརྒྱལ་དབང་ཐམས་ཅད་མཁྱེན་གཟིགས་ཆེན་པ་མཆོག་བསྟན་འགྲོའི་མགོན་དུ་ཞབས་ཟུང་བརྟན་ཅིང་རླབས་ཆེན་བཞེད་དོན་ལྷུན་འགྲུབ་ཆེད་མཆོག་གསུམ་རྒྱ་མཚོའི་ཐུགས་རྗེ་བསྐུལ་བའི་གསོལ་འདེབས་འཆི་མེད་གྲུབ་པའི་དབྱངས་སྙན་ཞེས་བྱ་བ།,bo,211142f1-e5d0-40a8-87cf-c05bf42d501d,,,,,OLD_ONLY,,,,82,82,
J5Pxs4kpbI75rdotXAgjt,f4c51502-b6af-4954-ac23-9b24382ac905,༄༅། །བསྔོས་ཤ་ཟོས་པའི་སྡིག་སྦྱོང་སྨོན་ལམ་ཡན་ལག་བདུན་པ་ཉེས་ལྟུང་དག་བྱེད་ཅེས་བྱ་བ་བཞུགས་སོ།,bo,0c855ead-098a-44fe-9c42-5b08d2b2bbec,,,,,OLD_ONLY,,,,32,84,
DpDDoEQNCiaGX2KTT4vzG,a9335903-7254-430e-9afc-11bd3e05a40e,༄༅། །ས་བདག་དང་འབྱུང་བཞིའི་ལྷ་མོར་གསོལ་མཆོད་བཞུགས་སོ།།,bo,9ae1a8a2-d103-4af6-b524-b02f21b9dee5,,,,,OLD_ONLY,,,,17,85,
u5Cwm5mJJbIJuetyaEAiW,dd77e022-5450-48cf-9e0c-74b7ff88b9b0,༄༅། །འཕགས་པ་བཀྲ་ཤིས་བརྩེགས་པ་ཞེས་བྱ་བ་ཐེག་པ་ཆེན་པོའི་མདོ་བཞུགས་སོ། །,bo,33d2da3e-53c4-4ea9-84ec-ab508062bd98,,,,,OLD_ONLY,,,,151,15,
BKDUGziU6pVDPTClPhFeO,b1bfc066-d505-450b-82cb-9636568ec8d9,༄༅། །གཅོད་ཡུལ་རྒྱ་མཚོའི་སྙིང་པོ་སྟན་ཐོག་གཅིག་ཏུ་ཉམས་སུ་ལེན་པའི་ཚུལ་ཟབ་མོའི་ཡང་ཞུན་ཅེས་བྱ་བ་བཞུགས་སོ། །,bo,4baf9ff3-b9d1-401e-8800-7a06bcad563c,,,,,OLD_ONLY,,,,193,88,
V484z8UMJxPI4CNNBtDmM,c57d91b3-9e63-41da-867a-54928a24d4b6,༄༅། །བདུད་འཇོམས་གཏེར་གསར་སྔོན་འགྲོའི་ངག་འདོན་བསྡུས་པ་བཞུགས་སོ། །,bo,76df839f-f440-4c45-8ae4-9064096011f0,,,,,OLD_ONLY,,,,44,89,
5LnmN4mDABktxPIJrPCpm,a6e8c1c6-c28f-4384-af30-fd3140b2bbab,༄༅། །རྗེ་བཙུན་རས་པ་ཆེན་པོ་ལ་བརྟེན་པའི་བླ་མའི་རྣལ་འབྱོར་ཚོགས་མཆོད་དང་བཅས་པ་ཡེ་ཤེས་དཔལ་འབར་ཞེས་བྱ་བ་བཞུགས་སོ། །,bo,da9458ba-fcb1-4cda-8e4b-f6916ca5ce5b,,,,,OLD_ONLY,,,,360,92,
FAbzytc9s0UjY8mahJonM,b8afe259-a1f5-45e2-9535-1d04d621a501,༈ སུ་རཱུ་པ་ཞེས་བྱ་བའི་གཟུངས།,bo,57c6851b-c0f3-4639-8f18-a12e3fbfbb30,,,,,OLD_ONLY,,,,2,21,
e6Ei5u0kC9emrAD30IDSq,8eff3cc0-aef1-4dbd-b85c-0217606ea338,༄༅། །ཐུབ་ཆོག་བྱིན་རླབས་གཏེར་མཛོད་བཞུགས་སོ། །,bo,21341b13-1fd2-4e96-80d5-4a77cf3ebb2f,,,,,OLD_ONLY,,,,82,98,
Afkw5zc6ws4cnXA3dAJD1,e3174f4b-1281-4c96-af8e-221262b8e470,རྗེ་གྲུབ་ཐོབ་ཆེན་པོས་ལྷ་ལྡན་ཇོ་བོ་རིན་པོ་ཆེའི་དྲུང་དུ་གསོལ་འདེབས་གནང་བའི་རྡོ་རྗེའི་གསུང་བྱིན་རླབས་བདུད་རྩིའི་སྤྲིན་ཕུང་འཕྲོ་བ་བཞུགས་སོ། །,bo,d2e5102e-46e1-4a00-b05a-2e75ec7ad482,,,,,OLD_ONLY,,,,74,100,
Eeh2ksVZ09WKurOQzbovx,0ef89afc-2c72-4dd4-a1e7-de0499a28ae3,༄༅། །རྗེ་བཙུན་བློ་བཟང་ཆོས་ཀྱི་རྒྱལ་མཚན་གྱིས་མཛད་པའི་གཏོར་མ་བརྒྱ་རྩ་བཞུགས་སོ།།,bo,c5c4cef4-01b1-4096-8f10-6aeb4e695f8b,,,,,OLD_ONLY,,,,268,,
RufOMKRkqPI34Y3lu2bku,bed75151-000b-49c8-b54b-4b843de354a2,༄༅། །བཅོམ་ལྡན་འདས་མགོན་པོ་ཚེ་དཔག་མེད་ཀྱི་བསྟོད་པ་འཆི་བ་མེད་པའི་རྒྱལ་པོ་ཞེས་བྱ་བ་བཞུགས་སོ།,bo,79dd1750-f65b-4817-9b8b-de759ca44373,,,,,OLD_ONLY,,,,176,,
EBE7onndKpkbuTJxDg7yC,094ecdb7-3fd5-4015-9951-5d97f5f70367,རྡོ་རྗེ་རྣམ་པར་འཇོམས་པའི་གཟུངས་བཞུགས་སོ། །,bo,d666cf88-04e7-4be6-9e81-8b8477457992,,,,,OLD_ONLY,,,,46,16,
AJK0t6iVfnezq8HiLKOLn,1e9140b5-f137-443a-9940-957cd6881983,༄༅། །མཁས་གྲུབ་ཁྱུང་པོ་རྣལ་འབྱོར་ལ་བསྔགས་པ་ཨུ་དུམྦ་རའི་འཛུམ་ཟེར་ཅེས་བྱ་བ་བཞུགས་སོ། །,bo,2476db90-4499-4c75-93d0-6749670a4c5e,,,,,OLD_ONLY,,,,53,,
ERALMEPqY8JfiTpLMRGzJ,088a6628-04cc-4538-b412-d752ba6a880e,༄༅། །གཏོར་མ་ཆ་གསུམ་གྱི་ཆོག་ག་བཞུགས་སོ།,bo,3be4921c-40a1-4a72-82fa-c53747b8b98a,,,,,OLD_ONLY,,,,149,,
oNTOM8xo1R7B4BoaHCto1,3ed3b2fc-cb7d-4248-9bef-e1a32980a3f7,༄༅། །ཛམྦྷ་ལའི་ཆུ་སྦྱིན་ལ་བཞུགས། །,bo,e06da7ff-bd53-4ae3-8dae-c845e273749c,,,,,OLD_ONLY,,,,11,,
baWXzQ7B6OIondKp5GGBN,e8e1e76b-e27f-49ed-a08b-be66031146a0,༈ ཀྱེ་རྡོར་ལམ་དུས་མ་ནོར་དོན་གསལ།,bo,81f3fc66-049d-44c5-9f73-dc6923e8ca12,,,,,OLD_ONLY,,,,208,,
hrYlJMI0iAzaX7mIMF4fS,f938d979-fc01-40a1-b1a7-cbda15b29272,༄༅། །ཀརྨ་པའི་གསོལ་འདེབས་རྒྱལ་ཀུན་ཕྲིན་ལས་གཟུགས་ཅན་མ་བཞུགས་སོ། །,bo,9cb30cf4-c94f-424f-aaf5-493c358f472c,,,,,OLD_ONLY,,,,53,,
NlFCpeTET1EdBpfT6rQw6,cbc540ec-5112-4196-b917-9cc535dbe252,༄༅། །ཀླུ་བསངས་ནོར་བུ་དགོས་འདོད་ཀུན་འབྱུང་ཞེས་བྱ་བ་བཞུགས་སོ།།,bo,280533c0-3d45-444b-b264-18aa77a8c2e5,,,,,OLD_ONLY,,,,41,,
T3IIVf7zhHIg28jO4sVGs,d60505af-641a-41d3-ae90-0eef3102b51f,མཚན་བརྗོད་བསྡུས་པ།,bo,616ab41b-db5a-4301-952d-46e02ed79373,,,,,OLD_ONLY,,,,10,18,
d6C9ArvXN1bhi2IeHXJQP,8efa6504-bf2f-4a72-a539-41a9d89976be,༄༅། །གནས་དང་མཆོད་པའི་ཡོ་བྱད་བྱིན་རླབས།,bo,104a8aa7-32ad-40cf-b082-b85542e81463,,,,,OLD_ONLY,,,,3,,
GS5XEqWCsU90cWu0Lnc2N,cf4c360e-dce0-41e6-ab8a-4366f98e7d80,༄༅། །གནས་བཅུའི་བསྟོད་པ་བཞུགས་སོ། །,bo,150804c4-9bb5-4d68-8478-415971e36798,,,,,OLD_ONLY,,,,284,,
R3TnknaTNBjYPtYwqaUiQ,4e3311e9-02d3-4223-8f4f-f6aede02a2ab,༄༅། །རྡོ་རྗེ་སེམས་དཔའ་གསང་བ་དྲི་མེད་ལས་བཤགས་པའི་སྙིང་པོ་སྦྱངས་པའི་རྒྱལ་པོ་བསྟན་པ་བཞུགས་སོ། །,bo,b3c25c4d-fa6d-4af1-bd3e-3e65caf1a697,,,,,OLD_ONLY,,,,28,,
XjcUUxTKvHE33NRKFZCLJ,a660abe7-11ff-49f0-9652-cae5c1d21e72,སྟོབས་ལྡན་འོད་འབར་རྒྱལ་མཚན་གསོལ་མཆོད་དགེ་ལེགས་རྒྱ་མཚོའི་སྤྲིན་ཕུང་།,bo,5ac9f4d9-c7f5-4022-8ae5-003ca2f42295,,,,,OLD_ONLY,,,,30,,
mE5XYIlOnZ6UnYkjkcBBU,05927066-2612-4ed2-a8c6-801f22207111,༄༅། །གཤིན་བསྔོ་ནི།,bo,53511fe3-71f6-4408-bab3-74135cae10cd,,,,,OLD_ONLY,,,,11,,
RclqyLiHc5hz4gdzj12kq,cfcb7b69-7164-4d1c-b348-af74eaf93f0d,༄༅། །རྗེ་བཙུན་སྒྲོལ་མའི་ཐུགས་དམ་གནད་ནས་བསྐུལ་བའི་གསོལ་འདེབས་བཞུགས་སོ།། །,bo,eab11530-b37f-4879-ac3d-fb4081cc02ea,,,,,OLD_ONLY,,,,67,,
mdoQmzkIEuSDbkKoWP3nc,7fc704ee-8c46-4292-8c2f-8ed5f3a17cd9,ལྷ་ཆེན་རབ་རྒོད་དགེ་བསྙེན་མཉེས་པའི་མཆོད་སྤྲིན།,bo,cb6cf23b-1a1f-4312-9799-9ce9c25078c4,,,,,OLD_ONLY,,,,40,,
UgFCPNqdMq5ryBjwirsyE,d34812a9-7494-4a18-9991-fabbd6260fad,༄༅། །བདེ་ཆེན་ལྷུན་གྲུབ་མ་བཞུགས་སོ།། ༈,bo,0cfd97ef-3574-42dd-b32c-53bc46b1efa6,,,,,OLD_ONLY,,,,33,,
O1BHkf3RJKRHwbHxZIfQ1,f94c71dc-1244-4978-a1a9-04b76f7d06a9,གསང་འདུས་སྨོན་ལམ་བཞུགས་སོ། །,bo,72ac738a-0da1-4cc1-9e60-ec6253150cca,,,,,OLD_ONLY,,,,140,,
wJd2Vz2nV3zA6XtIoBPct,0c89f6ae-b299-43c5-af3f-d6521bdb3cb0,མཁའ་འགྲོ་སྤྱི་གཏོར།,bo,08ed11e7-3f88-41f3-9b4e-3b1f899e9ff7,,,,,OLD_ONLY,,,,41,,
KOB9b5mwqtfE3EX6w02bY,59f62cc1-f035-476e-b8be-fa4255c63e3e,བསུར་མཆོད་འདོན་ཡོན་སྤྲིན་ཕུང་བཞུགས་སོ།།,bo,5529464b-6dc4-421b-811b-8bd4b9045500,,,,,OLD_ONLY,,,,104,,
RR7iVqqqlN3vRD0OdxGkp,92a4f34f-3146-420c-8ec7-6c693ecf47bd,༄༅། །གཤིན་བསྔོ་དང་གསོན་བསྔོ་བཞུགས། གཤིན་བསྔོ་ནི།,bo,fed7d37f-8dff-4e2f-9fec-eb2761355849,,,,,OLD_ONLY,,,,3,,
8ry48afLiAt7TuaXHZJzi,4802b744-44d7-427a-8986-f87fde61a5e8,༄༅། ། དྭགས་པོ་བཀའ་བརྒྱུད་སྤྱི་ལ་གསོལ་བ་འདེབས་པ་ནི།,bo,fc8f696a-65db-44db-835a-a1505d42bf95,,,,,OLD_ONLY,,,,30,,
SM2ELKfLzXCohUyHDqoPA,a05fccfe-b05a-4e22-a733-a4be940098fd,༄༅། །རྩ་བའི་བླ་མའི་གསོལ་འདེབས་དངོས་གྲུབ་འབྱུང་གནས་ཞེས་བྱ་བ་བཞུགས་སོ།།,bo,7a6a0455-8046-4b36-8c2e-32d10392623f,,,,,OLD_ONLY,,,,45,,
cti1gahwe83V9Tc5AH4vZ,e6f499b2-e9b6-43a3-964b-f787be2e7ea7,སྨོན་ལམ་ཕྱོགས་བཅུ་དུས་བཞི་མ།,bo,b59749b9-78db-4003-876f-8d77dbaf5f02,,,,,OLD_ONLY,,,,44,,
ZP2V2rOyxBwqDHhGMyVbC,a79fbedd-ad46-4842-a391-3363c0247e86,འཇིགས་བྱེད་དཔའ་བོ་གཅིག་པའི་བླ་བརྒྱུད་གསོལ་འདེབས་བཞུགས་སོ།,bo,3f56f1b1-055e-4cf2-b47c-c7e1e3087c36,,,,,OLD_ONLY,,,,58,,
LIkAIDEKGA9bG2sL8sgdP,f2c687ae-a815-4b71-a043-02f1b8267212,བདེ་སྨོན་བསྡུས་པ་ཤེས་བྱ་མ།,bo,abe2c4e6-eb2c-4ebf-9fd6-258888c6f823,,,,,OLD_ONLY,,,,130,,
Pmfarv1LBAsBx8jmHe8iU,0960fdd9-4af7-4567-badb-1528566a3497,༄༅། །བདེན་ཚིག་འགྲུབ་པའི་པྲ་ཎི་དྷ་རྣམ་མཁྱེན་གྲོང་འཇུག་ཅེས་བྱ་བ་བཞུགས་སོ། །,bo,5848aa77-8579-4372-8e0b-577d141a5785,,,,,OLD_ONLY,,,,19,,
nmZvcDC3YARhxv46NJnqY,0d649162-0537-411e-b7a8-ebca6dca97c4,༄༅། །བཅོམ་ལྡན་འདས་སྨན་བླའི་མདོ་ཆོག་སྙིང་པོ་བསྡུས་པ་ཡིད་བཞིན་ནོར་བུ་ཞེས་བྱ་བ་བཞུགས་སོ།། ༈,bo,70a97068-7218-479f-9aaa-f6ac1660a4a4,,,,,OLD_ONLY,,,,284,,
bbILXThTls5jSekcOn1Tj,c5a839ba-e88f-425e-94e2-c24d2e9d598a,གོང་མ་རྣམ་གསུམ་གྱི་སྐུ་བསྟོད།,bo,d58a46b9-7082-4914-83b3-d53a3238920d,,,,,OLD_ONLY,,,,66,,
Ic46Jv1iSC4VZjUJwo9vZ,7b7be44e-c53a-4c53-814f-3c2241901a46,རྡོ་རྗེ་ཆོས་སྐྱོང་བའི་སྲུང་མ་རྣམས་ལ་མངོན་པར་བསྟོད་པ་ཚངས་པའི་གླུ་དབྱངས་ཞེས་བྱ་བ་བཞུགས་སོ།,bo,40552dcb-ec56-4e2a-868c-f2b687b1ba2c,,,,,OLD_ONLY,,,,66,,
poezcU3GwIReIXrTKq5Rv,e411acda-2f67-4b9b-a0b0-11327c13d0a4,ཇ་མཆོད་སོགས་ཀྱི་སྐོར་ནི།,bo,39615b20-0d7e-4d39-824e-48f08b46d7a3,,,,,OLD_ONLY,,,,41,,
eCXLHU29CqGC6M3Lx5R0r,e0cfd0e3-26c4-4820-91a0-4181c275f0aa,ཇོ་དར་རབ་གནས་བཞུགས་སོ།,bo,07a25c5d-b4d0-4047-a386-c1d1369afc01,,,,,OLD_ONLY,,,,72,,
xpIu0rKtQRi51BEx0doQV,5913e790-892f-4b86-b23c-aade5e844916,༄༅། །ཉིན་ཞག་ཕྲུགས་གཅིག་ལ་ཉམས་ལེན་བྱ་ཚུལ་ནོར་བུ་རྣམ་པར་བཀྲ་བའིམཛེས་རྒྱན།,bo,96d0a4c3-2bbe-4cc6-a21f-ab57bea3f85d,,,,,OLD_ONLY,,,,73,,
zo0mpIl3zHCf351WcWrta,2a458c1e-0c37-434e-964d-8e1560169e87,ཐུན་དྲུག་གི་རྣལ་འབྱོར་མེ་ཏོག་ཕྲེང་མཛེས་ཞེས་བྱ་བ་བཞུགས་སོ། །,bo,88c39ec7-5ecb-4df8-8493-beb326059c8f,,,,,OLD_ONLY,,,,87,,
LCNXiyMX4Tvr2RMoaVhKu,88a97ec2-144d-4c4a-8588-2b6357fe8a61,༈ ངག་བྱིན་རླབས།,bo,78ef7ad3-3b3c-4fbb-87c4-bba348b97c2e,,,,,OLD_ONLY,,,,29,,
4m5rWovqJ0bfCEyXtKxfP,9cf6e752-052c-4550-9f96-f01fe8468d82,ཐུན་བཞི་བླ་མའི་རྣལ་འབྱོར།,bo,a7c8cf64-7be8-44fa-824b-e1a9cbf21b4a,,,,,OLD_ONLY,,,,251,,
tpT3R4FRQjwIeHzVcqW3C,491317e3-b202-40a8-a420-1e24ec087572,༄༅། །ཐུབ་མཆོག་བྱིན་རླབས་གཏེར་མཛོད་བཞུགས་སོ།,bo,25f42db1-03ac-4bdf-a5ee-1cbb6d24a5a1,,,,,OLD_ONLY,,,,76,,
969MN5K61iQgvk3rFJqcm,eb268d1e-1d08-484c-b474-232d1de03531,དཔལ་ཀྱཻ་རྡོ་རྗེའི་མངོན་པར་རྟོགས་པ་འབྲིང་དུ་བྱ་བ་ཡན་ལག་དྲུག་པའི་མཛེས་རྒྱན་ཞེས་བྱ་བ་བཞུགས་སོ། །,bo,6f181254-ee25-4524-a148-bf602a838159,,,,,OLD_ONLY,,,,238,,
ftmkW0s25ctjc7YEvrltJ,8bccb9e7-5576-4cab-8be9-94ff00162747,དབྱངས་ཅན་མའི་སྒྲུབ་ཐབས།,bo,e93bf698-6a82-4ea0-bcf7-468744fce177,,,,,OLD_ONLY,,,,41,,
ihAXf1YuZdohLSESBQeDf,52aacbd8-4bf3-4622-bb26-4588533af16b,༄༅། །དམ་ཚིག་རྡོ་རྗེའི་སྒྲུབ་ཐབས་སྡིག་སྒྲིབ་ཀུན་འཇོམས་བཞུགས་སོ།།,bo,fc71f4dc-7a5f-4b80-9d84-9bddddd7442b,,,,,OLD_ONLY,,,,24,,
E7s2Up32VVOUfsmzBuP0Y,20ab380a-f5c3-4109-a35a-4fb793ccba5c,སྔགས་རིམ་སྨོན་ལམ་བཞུགས་སོ།།,bo,8b6f8620-b2df-4862-8b70-052ddb1b299b,,,,,OLD_ONLY,,,,36,,
j8b5sC4mzcm6QZ8tH9QmJ,8666acf7-a646-42ba-8c20-e77021468d62,བྱང་ཤམྦྷ་ལར་སྐྱེ་བའི་སྨོན་ཚིག་བཞུགས་སོ།།,bo,436699c9-5f56-4ccd-baaa-b9a1ffc9cfbc,,,,,OLD_ONLY,,,,52,,
qkznkaIFIFWPTxQOCLT5v,7bd6b919-7cb3-4694-ab03-7e90d3d83559,༄༅། །བསྟན་པའི་སྙིང་པོ་བྱང་སྡོམ་བརྒྱུད་འདེབས་རྒྱལ་སྲས་དཔལ་སྟེར།།,bo,5f1cf509-741b-4be9-89ce-0a6bcbf660f8,,,,,OLD_ONLY,,,,37,,
AI0cYOYdOQt55aPGKuJQa,e9942f0b-8d78-4512-be34-064508f24dbb,༄༅། །ཟངས་མདོག་དཔལ་རིར་བགྲོད་པའི་སྨོན་ལམ་སྐལ་བཟང་དགའ་བའི་ཤིང་རྟ་བཞུགས།།,bo,e1c3cd13-dbca-4291-a485-505262dbe343,,,,,OLD_ONLY,,,,41,,
8AlPKBqHHEb1qBXEl0tXp,18a226cf-4417-42d6-8cb0-64b88901e4fe,༄༅། །གསུར་མཆོད་འདོད་ཡོན་སྤྲིན་ཕུང་བཞུགས།།,bo,f3840ea5-a4ae-43d2-8bf1-faa81e8440fc,,,,,OLD_ONLY,,,,76,,
8McJNoeCPot1hZ5Iz83FZ,826f9339-37e0-49bf-af2d-b9661e2fb929,༄༅། །འཕགས་པ་རྒྱལ་མཚན་གྱི་རྩེ་མོའི་དཔུང་རྒྱན་བཞུགས་སོ།།,bo,423ebfae-8913-45b8-b550-93a1e6da6a7b,,,,,OLD_ONLY,,,,5,17,
xYVlBJ6nkj5ZXFzpeMjxQ,767591e9-f388-4969-8b39-789611648890,འགྲོ་མགོན་ཆོས་རྒྱལ་འཕགས་པ་ལ་བསྟོད་པ།།,bo,fce1edf3-07c0-4184-a5ca-d61daef8a5bb,,,,,OLD_ONLY,,,,47,,
TAY8VzPaqE6RIS7ca2OyP,a3207058-b1ed-4515-85bd-385e317ef03f,འདོད་གསོལ་སྨོན་ཚིག་ཕུན་ཚོགས་ཡོན་ཏན་མ།,bo,747615d5-2a3a-449e-a83e-1722d27bb40b,,,,,OLD_ONLY,,,,33,,
lXHAohXjPBynD5xfHIow2,79033537-f91c-4186-a35c-e4a69e94c45c,༈ །རྗེ་བཙུན་རིན་པོ་ཆེ་གྲགས་པ་རྒྱལ་མཚན་ལ་བསྟོད་པ་ཡོན་ཏན་རྒྱ་མཚོ་མ །།,bo,36aeff60-c427-491e-afac-354c5c3b6b1e,,,,,OLD_ONLY,,,,109,,
DqHRsXaD4ZU5aRJJT02vH,a0eb3433-6ab9-4b2c-aba3-7430640bbc70,རྗེ་བསོད་ནམས་རྩེ་མོ་ལ་བསྟོད་པ། །,bo,64502a99-afc0-4127-a880-0a5930a7d401,,,,,OLD_ONLY,,,,93,,
NmQtzpiPtF58onGWm9VJm,3b3924c1-3655-4a1f-9db1-0680b2f7373a,ལྷ་མོའི་ཡན་ལག་བདུན་པ་དཔག་དཀའ་མ། །,bo,c9599fe7-1cd8-4c03-856b-59a1b52a88e3,,,,,OLD_ONLY,,,,28,,
UV1RaEuaozw9fXGHxyGKD,45cfce30-e90e-4756-bb1e-6941155433fc,༄༅། །མཁའ་འགྲོའི་རྒྱལ་མོ་ཡེ་ཤེས་མཚོ་རྒྱལ་ལ་གསོལ་བ་འདེབས་པ་དད་པའི་གདུང་དབྱངས་ཞེས་བྱ་བ།,bo,5dc622a1-4034-4e32-bf8a-7f8cd6eb861e,,,,,OLD_ONLY,,,,208,,
IJmvy5kCOo4sG55mocVGR,0fdc7114-4548-4700-8954-a7a374b180e2,༄༅། །རྗེ་བཙུན་སྒྲོལ་དཀར་གྱི་བསྟོད་པ་མཁྱེན་བརྩེ་དྲི་མེད་མ།,bo,b79710a0-66a1-4186-9c24-c0621f752b8f,,,,,OLD_ONLY,,,,89,,
yU2HYGusRMiktU8UTvmS3,d300b094-b362-41e6-b552-d98cecb38c80,མགོན་པོ་འོད་དཔག་མེད་ཀྱི་བསྟོད་པ་ཞིང་མཆོག་སྒོ་འབྱེད།,bo,14272c9d-a6c5-44e7-9032-33719aa38191,,,,,OLD_ONLY,,,,49,,
4aT1NNrUtbCM3etSSXxDb,95c30832-a64b-4f42-a6d8-a4a221da8796,ལྷ་མོའི་འཕྲིན་བསྐུལ་སེམས་ཉིད་འཕྲིན་ལས་མ།,bo,e6857d0d-b33d-4e9b-9c33-c8882f86da2b,,,,,OLD_ONLY,,,,46,,
8VgmEdNHJeRUaQyIEThhy,7c4609db-244f-445e-b4f9-264369d72c66,༄༅། །བསྟན་སྐྱོང་རྡོ་རྗེ་དྲག་རྒྱལ་མའི་གཏོར་འབུལ་ཞེས་བྱ་བ་བཞུགས་སོ། །,bo,48545898-122f-4ec2-8f56-e9efee38074c,,,,,OLD_ONLY,,,,28,,
bVSaETxr7eeNbC3z2EY2j,11cc4e69-1705-4d7c-b4b4-a40bfd4ee22e,༄༅། །སྟོན་པའི་མཛད་བཅུའི་བསྟོད་པ་ཡོངས་འདུའི་སྙེ་མ་ཞེས་བྱ་བ་བཞུགས་སོ། །,bo,27967c89-3258-43c3-9f17-5fcfaad68f09,,,,,OLD_ONLY,,,,68,,
wkiE6M1atjIhzQETHiCnS,1cabd5b6-7231-4468-aa94-88f59855c66a,མི་ཁ་བཟློག་གཟུངས་མདོར་བསྡུས།,bo,6f783a3c-75ac-461b-b6d3-ab87a7f6e550,,,,,OLD_ONLY,,,,2,,
aXQ43wSYfKy0SKRgfLSxi,666c59c0-362e-4a67-8d28-a1736a149687,༄༅།  །བཅོམ་ལྡན་འདས་མི་འཁྲུགས་པའི་ཞིང་བཀོད་དོན་བསྡུས་ཀྱི་སྨོན་ལམ་རིན་པོ་ཆེའི་ཕྲེང་བ་བཞུགས་སོ།  །,bo,fe6db228-5cdd-41bc-aab1-b18b7782ec40,,,,,OLD_ONLY,,,,71,,
YlaCdy23seEjLEwXdwoWe,4eb4054e-ff88-4dc3-aae5-b4aed2b3184e,༄༅། །ལུམྦི་ནཱི་ལ་བསྟོད་པ་པདྨ་དཀར་པོ།,bo,3186868d-e256-4869-be22-78d8212f9667,,,,,OLD_ONLY,,,,45,,
9PTyYZeZ2Q9rm5Vz8scoM,677d88c4-c072-4a6f-b8ff-154c60e85e45,༄༅། །ཚོགས་མཆོད་ཤིན་ཏུ་བསྡུས་པ་བཞུགས་སོ། །,bo,02b8d5a4-ff91-47e7-aaeb-0502b957468b,,,,,OLD_ONLY,,,,36,,
GaWLwEqmn5TtNwCFBFdWK,df5c0f5a-444c-473e-b1c1-4b4d1e091548,དཔལ་ཡེ་ཤེས་ཡོན་ཏན་བཟང་པོ་ཞེས་བྱ་བའི་བསྟོད་པ།,bo,fb4e974f-54bd-43b1-bff9-bb1a1bdc1af4,,,,,OLD_ONLY,,,,11,,
fcg9T2aXLb3Lq7XXuGH31,2a112194-f034-497f-bf30-1079f350c3c1,༄༅། །མཁས་གྲུབ་རཱ་ག་ཨ་སྱས་མཛད་པའི་འཇམ་དཔལ་གྱི་སྒྲུབ་ཐབས་རྨོངས་པ་མུན་སེལ་བླ་མ་པདྨ་ཕྲིན་ལས་ལ་སྩལ་བ་བཞུགས་སོ།,bo,054a6128-d2f0-4b4e-8691-0490f9e9a4da,,,,,OLD_ONLY,,,,88,,
US4nNyLARbFAXId7DEBF9,301b2d47-f0ee-4d29-ba3b-2296bdd41a0e,༄༅། །ཇ་མཆོད་འདྲེན་པ་མཉམ་མེད།,bo,cc08c237-8b7b-4abf-9a52-f4c3e9e3bed1,,,,,OLD_ONLY,,,,20,,
F00rvQrSZ9I62y2RYJQSx,bf0f8db0-f07f-41e1-97a8-1297486fd3d4,༄༅། །འཇམ་མགོན་ས་སྐྱ་པཎྜི་ཏའི་བླ་མའི་རྣལ་འབྱོར་ཉམས་སུ་ལེན་ཚུལ་མཁྱེན་བརྩེ་ནུས་མཐུའི་ཆར་འབེབས་ཞེས་བྱ་བ་བཞུགས་སོ།།,bo,946eb020-3373-4d6e-a224-108226353c2b,,,,,OLD_ONLY,,,,40,,
BssQHEPDZOINRLNPxkW85,a7360342-e64d-43ca-882d-075c67471fa7,འགྲོ་ལ་བདེ་སྐྱིད་མ་བཞུགས་སོ།།,bo,0ac54bb5-80c2-4c24-bd11-c2c491a5efd5,,,,,OLD_ONLY,,,,66,,
FMDLy70w1EP64lg6sNzGx,6553dea6-3aeb-485f-bd87-c0624a89fe49,༄༅།། རྗེ་རིན་པོ་ཆེའི་བསྟན་པ་དང་མཇལ་བའི་སྨོན་ལམ་མདོར་བསྡུས་མཁྱེན་བརྩེའི་འདྲེན་ལྡན་ཞེས་བྱ་བ་བཞུགས་སོ།།,bo,02d31b89-82ac-4aa5-bba5-3549dd7f8bfa,,,,,OLD_ONLY,,,,22,,
HMVcWWOw0h3Q6Z8ygflrP,e33f18c0-697f-4c37-b2d7-1183241e83e2,༄༅། །བློ་བཟང་རྒྱལ་བསྟན་མ་བཞུགས་སོ།།,bo,90673edb-2300-471f-ae42-ccdd6899abf1,,,,,OLD_ONLY,,,,45,,
ghcCI846YUWFcXL3PCItU,53216ff6-2f88-4efa-a916-e6b4497e0fa7,རྒྱན་དྲུག་མཆོག་གཉིས་དང་བསྟན་པའི་རྒྱུན་བཞིར་བསྟོད་པ།,bo,9fe8ab42-abb7-4546-b317-99540f6e52f1,,,,,OLD_ONLY,,,,73,,
5Nm8MTWxBwaBcQHHREvwu,0b2806d1-ab41-4cec-9fcb-0c02c61c0711,༄༅། །འཕགས་པ་བཀྲ་ཤིས་བརྒྱད་པའི་ཚིགས་སུ་བཅད་པ་བཞུགས་སོ།།,bo,18bf7fe1-ce8b-4b8c-899c-2c1a799bd5e3,,,,,OLD_ONLY,,,,50,,
lJx37yvjtDc8ROErrgdNN,f53da554-b65d-4f6d-947c-f93bd2e89316,རྗེ་བཙུན་འདན་མ་གྲུབ་ཐོབ་ལ་གསོལ་བ་འདེབས་པ།,bo,b3baac01-acea-4a8f-b9c5-a3c268f934c1,,,,,OLD_ONLY,,,,29,,
7usDtYKI5hcnwWYchwMIu,17f308ab-dcd6-4d3d-873f-a76b46318ef3,རྒྱལ་བ་རྒྱ་མཚོ་ལྷ་ལྔའི་གསོལ་འདེབས།,bo,b21d7b2e-b00e-41ef-b7fa-fb618622b1a1,,,,,OLD_ONLY,,,,45,,
2at1ouR334QfgA5F35m6p,a45c76ef-581d-4a6b-bfb3-e5187882feca,The Dhammapada:  The Buddha's Path of Wisdom  ( Pali Translation),pi,773544e8-8b66-45ec-b48a-5f9e2a046f47,,,,,OLD_ONLY,,,,1372,,
E0W7UbXdD8qu0Kfhmnn3j,3e585317-b848-4624-ae72-07fa545995c2,The Dhammapada:  The Buddha's Path of Wisdom,en,773544e8-8b66-45ec-b48a-5f9e2a046f47,,,,,OLD_ONLY,,,,530,,
ONsVQuLPxnmtuVDlHS5Yv,9e91d997-309a-472a-b705-bcb37d93bf6b,弘揚佛法願文,zh,a18cdef7-0bd7-499b-aad8-d47bc61966a8,,,,,OLD_ONLY,,,,6,,
BaNpRhhAnp4PJaAYr61GL,0fca45a7-71a6-4e58-a615-06af56bdc73f,Homage,en,4bbc483f-8c95-4458-9ee1-2f19728a83bf,,,,,OLD_ONLY,,,,8,,
8jh72g9cuMcrNvEhKBrSp,05408585-7c63-4f7e-a792-44ae8a678b01,Vandanà,pi,4bbc483f-8c95-4458-9ee1-2f19728a83bf,,,,,OLD_ONLY,,,,4,,
xRXHZHJYZtTAaaxLMOPRN,1c2ee00a-bcc8-4158-947f-e4e69c98b4fd,Aspiration,en,ced7133e-b1f2-4d74-ada1-7eb0180f95eb,,,,,OLD_ONLY,,,,9,,
LpPqa4DmEaMuQJap46JdJ,83e999bf-4aae-46fb-86e0-9c84af75eb8e,Saṅkappo,pi,ced7133e-b1f2-4d74-ada1-7eb0180f95eb,,,,,OLD_ONLY,,,,9,,
pOeN2Mpkc77GK2R5XRjTF,a228a336-036b-4b61-be1f-af1949b84e56,Triratnavandanā,sa,d3dd6f33-5945-4ca3-a5e6-4b5d61425b08,,,,,OLD_ONLY,,,,2,,
gIikY2sTvaRdLDTTdF1R9,57db8593-ed19-4da8-9b4c-3932b35e394d,Pariņāmanāślokāḥ,sa,d57226de-9305-4993-a098-f91fdb94d631,,,,,OLD_ONLY,,,,2,,
ArLrfL58Zs53ftGHC3MHZ,6a9c8d72-197f-49e7-bb2a-7537541b3430,Śaraṇagamana,sa,7352d38f-b028-41b1-a31e-75860335b0a4,,,,,OLD_ONLY,,,,3,,
